,date,label
31,2005-01-01,pos
32,2005-01-02,pos
33,2005-01-03,pos
34,2005-01-04,pos
35,2005-01-05,pos
36,2005-01-06,neg
37,2005-01-07,pos
38,2005-01-08,neg
39,2005-01-09,neg
40,2005-01-10,neg
41,2005-01-11,0.0
42,2005-01-12,neg
43,2005-01-13,0.0
44,2005-01-14,neg
45,2005-01-15,neg
46,2005-01-16,neg
47,2005-01-17,neg
48,2005-01-18,neg
49,2005-01-19,neg
50,2005-01-20,neg
51,2005-01-21,neg
52,2005-01-22,0.0
53,2005-01-23,neg
54,2005-01-24,neg
55,2005-01-25,neg
56,2005-01-26,neg
57,2005-01-27,neg
58,2005-01-28,neg
59,2005-01-29,neg
60,2005-01-30,neg
61,2005-01-31,neg
62,2005-02-01,neg
63,2005-02-02,neg
64,2005-02-03,neg
65,2005-02-04,neg
66,2005-02-05,neg
67,2005-02-06,pos
68,2005-02-07,neg
69,2005-02-08,neg
70,2005-02-09,neg
71,2005-02-10,neg
72,2005-02-11,neg
73,2005-02-12,0.0
74,2005-02-13,neg
75,2005-02-14,0.0
76,2005-02-15,0.0
77,2005-02-16,0.0
78,2005-02-17,pos
79,2005-02-18,pos
80,2005-02-19,pos
81,2005-02-20,pos
82,2005-02-21,pos
83,2005-02-22,pos
84,2005-02-23,pos
85,2005-02-24,pos
86,2005-02-25,pos
87,2005-02-26,pos
88,2005-02-27,pos
89,2005-02-28,pos
90,2005-03-01,pos
91,2005-03-02,pos
92,2005-03-03,pos
93,2005-03-04,neg
94,2005-03-05,0.0
95,2005-03-06,neg
96,2005-03-07,neg
97,2005-03-08,pos
98,2005-03-09,pos
99,2005-03-10,pos
100,2005-03-11,pos
101,2005-03-12,pos
102,2005-03-13,pos
103,2005-03-14,neg
104,2005-03-15,neg
105,2005-03-16,neg
106,2005-03-17,neg
107,2005-03-18,neg
108,2005-03-19,neg
109,2005-03-20,neg
110,2005-03-21,neg
111,2005-03-22,neg
112,2005-03-23,neg
113,2005-03-24,neg
114,2005-03-25,pos
115,2005-03-26,neg
116,2005-03-27,neg
117,2005-03-28,neg
118,2005-03-29,neg
119,2005-03-30,neg
120,2005-03-31,neg
121,2005-04-01,neg
122,2005-04-02,neg
123,2005-04-03,neg
124,2005-04-04,neg
125,2005-04-05,neg
126,2005-04-06,neg
127,2005-04-07,pos
128,2005-04-08,neg
129,2005-04-09,neg
130,2005-04-10,0.0
131,2005-04-11,0.0
132,2005-04-12,neg
133,2005-04-13,0.0
134,2005-04-14,pos
135,2005-04-15,pos
136,2005-04-16,pos
137,2005-04-17,pos
138,2005-04-18,pos
139,2005-04-19,pos
140,2005-04-20,pos
141,2005-04-21,pos
142,2005-04-22,pos
143,2005-04-23,pos
144,2005-04-24,pos
145,2005-04-25,0.0
146,2005-04-26,0.0
147,2005-04-27,pos
148,2005-04-28,pos
149,2005-04-29,pos
150,2005-04-30,pos
151,2005-05-01,pos
152,2005-05-02,pos
153,2005-05-03,pos
154,2005-05-04,neg
155,2005-05-05,neg
156,2005-05-06,pos
157,2005-05-07,pos
158,2005-05-08,pos
159,2005-05-09,pos
160,2005-05-10,pos
161,2005-05-11,pos
162,2005-05-12,pos
163,2005-05-13,pos
164,2005-05-14,pos
165,2005-05-15,pos
166,2005-05-16,pos
167,2005-05-17,pos
168,2005-05-18,pos
169,2005-05-19,neg
170,2005-05-20,neg
171,2005-05-21,neg
172,2005-05-22,0.0
173,2005-05-23,pos
174,2005-05-24,pos
175,2005-05-25,pos
176,2005-05-26,pos
177,2005-05-27,pos
178,2005-05-28,pos
179,2005-05-29,pos
180,2005-05-30,0.0
181,2005-05-31,0.0
182,2005-06-01,neg
183,2005-06-02,neg
184,2005-06-03,neg
185,2005-06-04,0.0
186,2005-06-05,0.0
187,2005-06-06,neg
188,2005-06-07,neg
189,2005-06-08,pos
190,2005-06-09,neg
191,2005-06-10,neg
192,2005-06-11,neg
193,2005-06-12,neg
194,2005-06-13,neg
195,2005-06-14,0.0
196,2005-06-15,neg
197,2005-06-16,neg
198,2005-06-17,neg
199,2005-06-18,neg
200,2005-06-19,pos
201,2005-06-20,pos
202,2005-06-21,neg
203,2005-06-22,neg
204,2005-06-23,neg
205,2005-06-24,neg
206,2005-06-25,neg
207,2005-06-26,neg
208,2005-06-27,neg
209,2005-06-28,neg
210,2005-06-29,neg
211,2005-06-30,pos
212,2005-07-01,neg
213,2005-07-02,neg
214,2005-07-03,neg
215,2005-07-04,pos
216,2005-07-05,pos
217,2005-07-06,neg
218,2005-07-07,neg
219,2005-07-08,neg
220,2005-07-09,neg
221,2005-07-10,neg
222,2005-07-11,neg
223,2005-07-12,neg
224,2005-07-13,neg
225,2005-07-14,neg
226,2005-07-15,neg
227,2005-07-16,neg
228,2005-07-17,neg
229,2005-07-18,neg
230,2005-07-19,0.0
231,2005-07-20,0.0
232,2005-07-21,neg
233,2005-07-22,pos
234,2005-07-23,pos
235,2005-07-24,pos
236,2005-07-25,pos
237,2005-07-26,0.0
238,2005-07-27,0.0
239,2005-07-28,pos
240,2005-07-29,pos
241,2005-07-30,pos
242,2005-07-31,neg
243,2005-08-01,pos
244,2005-08-02,pos
245,2005-08-03,pos
246,2005-08-04,pos
247,2005-08-05,0.0
248,2005-08-06,pos
249,2005-08-07,pos
250,2005-08-08,pos
251,2005-08-09,pos
252,2005-08-10,pos
253,2005-08-11,pos
254,2005-08-12,pos
255,2005-08-13,neg
256,2005-08-14,neg
257,2005-08-15,neg
258,2005-08-16,neg
259,2005-08-17,neg
260,2005-08-18,neg
261,2005-08-19,neg
262,2005-08-20,neg
263,2005-08-21,0.0
264,2005-08-22,neg
265,2005-08-23,neg
266,2005-08-24,neg
267,2005-08-25,neg
268,2005-08-26,neg
269,2005-08-27,neg
270,2005-08-28,neg
271,2005-08-29,neg
272,2005-08-30,neg
273,2005-08-31,neg
274,2005-09-01,neg
275,2005-09-02,neg
276,2005-09-03,neg
277,2005-09-04,neg
278,2005-09-05,pos
279,2005-09-06,neg
280,2005-09-07,neg
281,2005-09-08,neg
282,2005-09-09,neg
283,2005-09-10,neg
284,2005-09-11,neg
285,2005-09-12,neg
286,2005-09-13,neg
287,2005-09-14,neg
288,2005-09-15,0.0
289,2005-09-16,0.0
290,2005-09-17,0.0
291,2005-09-18,0.0
292,2005-09-19,pos
293,2005-09-20,pos
294,2005-09-21,neg
295,2005-09-22,pos
296,2005-09-23,pos
297,2005-09-24,pos
298,2005-09-25,pos
299,2005-09-26,pos
300,2005-09-27,pos
301,2005-09-28,pos
302,2005-09-29,pos
303,2005-09-30,pos
304,2005-10-01,pos
305,2005-10-02,pos
306,2005-10-03,pos
307,2005-10-04,pos
308,2005-10-05,0.0
309,2005-10-06,neg
310,2005-10-07,neg
311,2005-10-08,neg
312,2005-10-09,neg
313,2005-10-10,pos
314,2005-10-11,pos
315,2005-10-12,pos
316,2005-10-13,pos
317,2005-10-14,pos
318,2005-10-15,pos
319,2005-10-16,pos
320,2005-10-17,pos
321,2005-10-18,pos
322,2005-10-19,pos
323,2005-10-20,pos
324,2005-10-21,pos
325,2005-10-22,pos
326,2005-10-23,pos
327,2005-10-24,pos
328,2005-10-25,pos
329,2005-10-26,pos
330,2005-10-27,pos
331,2005-10-28,pos
332,2005-10-29,pos
333,2005-10-30,pos
334,2005-10-31,pos
335,2005-11-01,pos
336,2005-11-02,pos
337,2005-11-03,pos
338,2005-11-04,pos
339,2005-11-05,pos
340,2005-11-06,pos
341,2005-11-07,pos
342,2005-11-08,pos
343,2005-11-09,pos
344,2005-11-10,pos
345,2005-11-11,neg
346,2005-11-12,neg
347,2005-11-13,0.0
348,2005-11-14,0.0
349,2005-11-15,0.0
350,2005-11-16,0.0
351,2005-11-17,neg
352,2005-11-18,0.0
353,2005-11-19,0.0
354,2005-11-20,pos
355,2005-11-21,neg
356,2005-11-22,neg
357,2005-11-23,pos
358,2005-11-24,pos
359,2005-11-25,0.0
360,2005-11-26,0.0
361,2005-11-27,pos
362,2005-11-28,0.0
363,2005-11-29,0.0
364,2005-11-30,pos
365,2005-12-01,neg
366,2005-12-02,neg
367,2005-12-03,neg
368,2005-12-04,neg
369,2005-12-05,pos
370,2005-12-06,neg
371,2005-12-07,pos
372,2005-12-08,pos
373,2005-12-09,pos
374,2005-12-10,pos
375,2005-12-11,pos
376,2005-12-12,pos
377,2005-12-13,pos
378,2005-12-14,pos
379,2005-12-15,pos
380,2005-12-16,pos
381,2005-12-17,pos
382,2005-12-18,pos
383,2005-12-19,pos
384,2005-12-20,pos
385,2005-12-21,pos
386,2005-12-22,pos
387,2005-12-23,pos
388,2005-12-24,pos
389,2005-12-25,pos
390,2005-12-26,pos
391,2005-12-27,pos
392,2005-12-28,pos
393,2005-12-29,pos
394,2005-12-30,pos
395,2005-12-31,pos
396,2006-01-01,pos
397,2006-01-02,pos
398,2006-01-03,pos
399,2006-01-04,pos
400,2006-01-05,pos
401,2006-01-06,pos
402,2006-01-07,pos
403,2006-01-08,neg
404,2006-01-09,pos
405,2006-01-10,pos
406,2006-01-11,pos
407,2006-01-12,0.0
408,2006-01-13,neg
409,2006-01-14,neg
410,2006-01-15,neg
411,2006-01-16,0.0
412,2006-01-17,0.0
413,2006-01-18,0.0
414,2006-01-19,neg
415,2006-01-20,neg
416,2006-01-21,pos
417,2006-01-22,pos
418,2006-01-23,0.0
419,2006-01-24,0.0
420,2006-01-25,pos
421,2006-01-26,pos
422,2006-01-27,pos
423,2006-01-28,pos
424,2006-01-29,0.0
425,2006-01-30,neg
426,2006-01-31,0.0
427,2006-02-01,neg
428,2006-02-02,0.0
429,2006-02-03,neg
430,2006-02-04,neg
431,2006-02-05,pos
432,2006-02-06,0.0
433,2006-02-07,neg
434,2006-02-08,pos
435,2006-02-09,pos
436,2006-02-10,pos
437,2006-02-11,pos
438,2006-02-12,pos
439,2006-02-13,pos
440,2006-02-14,pos
441,2006-02-15,pos
442,2006-02-16,pos
443,2006-02-17,pos
444,2006-02-18,pos
445,2006-02-19,pos
446,2006-02-20,pos
447,2006-02-21,pos
448,2006-02-22,pos
449,2006-02-23,pos
450,2006-02-24,pos
451,2006-02-25,pos
452,2006-02-26,pos
453,2006-02-27,pos
454,2006-02-28,pos
455,2006-03-01,pos
456,2006-03-02,pos
457,2006-03-03,pos
458,2006-03-04,pos
459,2006-03-05,pos
460,2006-03-06,pos
461,2006-03-07,pos
462,2006-03-08,pos
463,2006-03-09,pos
464,2006-03-10,pos
465,2006-03-11,pos
466,2006-03-12,neg
467,2006-03-13,neg
468,2006-03-14,neg
469,2006-03-15,neg
470,2006-03-16,neg
471,2006-03-17,neg
472,2006-03-18,neg
473,2006-03-19,neg
474,2006-03-20,0.0
475,2006-03-21,neg
476,2006-03-22,neg
477,2006-03-23,neg
478,2006-03-24,pos
479,2006-03-25,0.0
480,2006-03-26,neg
481,2006-03-27,neg
482,2006-03-28,neg
483,2006-03-29,neg
484,2006-03-30,neg
485,2006-03-31,neg
486,2006-04-01,neg
487,2006-04-02,neg
488,2006-04-03,neg
489,2006-04-04,neg
490,2006-04-05,neg
491,2006-04-06,neg
492,2006-04-07,neg
493,2006-04-08,neg
494,2006-04-09,neg
495,2006-04-10,neg
496,2006-04-11,neg
497,2006-04-12,neg
498,2006-04-13,neg
499,2006-04-14,neg
500,2006-04-15,neg
501,2006-04-16,neg
502,2006-04-17,neg
503,2006-04-18,neg
504,2006-04-19,pos
505,2006-04-20,neg
506,2006-04-21,pos
507,2006-04-22,pos
508,2006-04-23,pos
509,2006-04-24,0.0
510,2006-04-25,0.0
511,2006-04-26,0.0
512,2006-04-27,neg
513,2006-04-28,0.0
514,2006-04-29,pos
515,2006-04-30,pos
516,2006-05-01,0.0
517,2006-05-02,0.0
518,2006-05-03,0.0
519,2006-05-04,neg
520,2006-05-05,neg
521,2006-05-06,neg
522,2006-05-07,pos
523,2006-05-08,pos
524,2006-05-09,pos
525,2006-05-10,pos
526,2006-05-11,0.0
527,2006-05-12,neg
528,2006-05-13,neg
529,2006-05-14,0.0
530,2006-05-15,0.0
531,2006-05-16,0.0
532,2006-05-17,0.0
533,2006-05-18,0.0
534,2006-05-19,neg
535,2006-05-20,neg
536,2006-05-21,neg
537,2006-05-22,neg
538,2006-05-23,neg
539,2006-05-24,neg
540,2006-05-25,neg
541,2006-05-26,neg
542,2006-05-27,neg
543,2006-05-28,neg
544,2006-05-29,neg
545,2006-05-30,neg
546,2006-05-31,neg
547,2006-06-01,neg
548,2006-06-02,neg
549,2006-06-03,neg
550,2006-06-04,pos
551,2006-06-05,0.0
552,2006-06-06,0.0
553,2006-06-07,pos
554,2006-06-08,pos
555,2006-06-09,pos
556,2006-06-10,pos
557,2006-06-11,pos
558,2006-06-12,pos
559,2006-06-13,pos
560,2006-06-14,pos
561,2006-06-15,pos
562,2006-06-16,pos
563,2006-06-17,pos
564,2006-06-18,pos
565,2006-06-19,pos
566,2006-06-20,pos
567,2006-06-21,pos
568,2006-06-22,pos
569,2006-06-23,pos
570,2006-06-24,pos
571,2006-06-25,pos
572,2006-06-26,pos
573,2006-06-27,pos
574,2006-06-28,pos
575,2006-06-29,pos
576,2006-06-30,pos
577,2006-07-01,pos
578,2006-07-02,pos
579,2006-07-03,pos
580,2006-07-04,pos
581,2006-07-05,pos
582,2006-07-06,pos
583,2006-07-07,pos
584,2006-07-08,pos
585,2006-07-09,pos
586,2006-07-10,0.0
587,2006-07-11,0.0
588,2006-07-12,0.0
589,2006-07-13,0.0
590,2006-07-14,pos
591,2006-07-15,pos
592,2006-07-16,0.0
593,2006-07-17,pos
594,2006-07-18,pos
595,2006-07-19,pos
596,2006-07-20,0.0
597,2006-07-21,pos
598,2006-07-22,pos
599,2006-07-23,pos
600,2006-07-24,pos
601,2006-07-25,pos
602,2006-07-26,pos
603,2006-07-27,pos
604,2006-07-28,pos
605,2006-07-29,pos
606,2006-07-30,pos
607,2006-07-31,pos
608,2006-08-01,0.0
609,2006-08-02,pos
610,2006-08-03,pos
611,2006-08-04,pos
612,2006-08-05,pos
613,2006-08-06,pos
614,2006-08-07,pos
615,2006-08-08,pos
616,2006-08-09,pos
617,2006-08-10,pos
618,2006-08-11,pos
619,2006-08-12,pos
620,2006-08-13,pos
621,2006-08-14,pos
622,2006-08-15,pos
623,2006-08-16,pos
624,2006-08-17,pos
625,2006-08-18,pos
626,2006-08-19,pos
627,2006-08-20,pos
628,2006-08-21,pos
629,2006-08-22,pos
630,2006-08-23,pos
631,2006-08-24,pos
632,2006-08-25,pos
633,2006-08-26,pos
634,2006-08-27,pos
635,2006-08-28,pos
636,2006-08-29,pos
637,2006-08-30,pos
638,2006-08-31,pos
639,2006-09-01,pos
640,2006-09-02,pos
641,2006-09-03,pos
642,2006-09-04,pos
643,2006-09-05,pos
644,2006-09-06,pos
645,2006-09-07,pos
646,2006-09-08,pos
647,2006-09-09,pos
648,2006-09-10,neg
649,2006-09-11,neg
650,2006-09-12,neg
651,2006-09-13,neg
652,2006-09-14,neg
653,2006-09-15,neg
654,2006-09-16,neg
655,2006-09-17,neg
656,2006-09-18,neg
657,2006-09-19,neg
658,2006-09-20,neg
659,2006-09-21,0.0
660,2006-09-22,pos
661,2006-09-23,0.0
662,2006-09-24,0.0
663,2006-09-25,neg
664,2006-09-26,neg
665,2006-09-27,neg
666,2006-09-28,neg
667,2006-09-29,0.0
668,2006-09-30,0.0
669,2006-10-01,neg
670,2006-10-02,neg
671,2006-10-03,neg
672,2006-10-04,neg
673,2006-10-05,neg
674,2006-10-06,neg
675,2006-10-07,pos
676,2006-10-08,neg
677,2006-10-09,0.0
678,2006-10-10,0.0
679,2006-10-11,neg
680,2006-10-12,pos
681,2006-10-13,pos
682,2006-10-14,pos
683,2006-10-15,pos
684,2006-10-16,pos
685,2006-10-17,pos
686,2006-10-18,pos
687,2006-10-19,pos
688,2006-10-20,pos
689,2006-10-21,pos
690,2006-10-22,0.0
691,2006-10-23,neg
692,2006-10-24,neg
693,2006-10-25,neg
694,2006-10-26,0.0
695,2006-10-27,0.0
696,2006-10-28,0.0
697,2006-10-29,0.0
698,2006-10-30,0.0
699,2006-10-31,0.0
700,2006-11-01,neg
701,2006-11-02,pos
702,2006-11-03,pos
703,2006-11-04,pos
704,2006-11-05,pos
705,2006-11-06,neg
706,2006-11-07,pos
707,2006-11-08,pos
708,2006-11-09,0.0
709,2006-11-10,neg
710,2006-11-11,0.0
711,2006-11-12,neg
712,2006-11-13,neg
713,2006-11-14,neg
714,2006-11-15,0.0
715,2006-11-16,0.0
716,2006-11-17,neg
717,2006-11-18,neg
718,2006-11-19,neg
719,2006-11-20,neg
720,2006-11-21,pos
721,2006-11-22,pos
722,2006-11-23,neg
723,2006-11-24,neg
724,2006-11-25,neg
725,2006-11-26,neg
726,2006-11-27,neg
727,2006-11-28,0.0
728,2006-11-29,0.0
729,2006-11-30,pos
730,2006-12-01,neg
731,2006-12-02,0.0
732,2006-12-03,0.0
733,2006-12-04,0.0
734,2006-12-05,neg
735,2006-12-06,pos
736,2006-12-07,neg
737,2006-12-08,neg
738,2006-12-09,neg
739,2006-12-10,neg
740,2006-12-11,neg
741,2006-12-12,neg
742,2006-12-13,0.0
743,2006-12-14,0.0
744,2006-12-15,pos
745,2006-12-16,0.0
746,2006-12-17,0.0
747,2006-12-18,pos
748,2006-12-19,pos
749,2006-12-20,pos
750,2006-12-21,pos
751,2006-12-22,pos
752,2006-12-23,pos
753,2006-12-24,pos
754,2006-12-25,pos
755,2006-12-26,pos
756,2006-12-27,pos
757,2006-12-28,pos
758,2006-12-29,pos
759,2006-12-30,pos
760,2006-12-31,pos
761,2007-01-01,pos
762,2007-01-02,pos
763,2007-01-03,pos
764,2007-01-04,pos
765,2007-01-05,pos
766,2007-01-06,pos
767,2007-01-07,pos
768,2007-01-08,pos
769,2007-01-09,pos
770,2007-01-10,pos
771,2007-01-11,pos
772,2007-01-12,pos
773,2007-01-13,pos
774,2007-01-14,pos
775,2007-01-15,pos
776,2007-01-16,pos
777,2007-01-17,pos
778,2007-01-18,pos
779,2007-01-19,pos
780,2007-01-20,pos
781,2007-01-21,pos
782,2007-01-22,pos
783,2007-01-23,pos
784,2007-01-24,pos
785,2007-01-25,pos
786,2007-01-26,pos
787,2007-01-27,pos
788,2007-01-28,pos
789,2007-01-29,pos
790,2007-01-30,pos
791,2007-01-31,pos
792,2007-02-01,0.0
793,2007-02-02,pos
794,2007-02-03,pos
795,2007-02-04,neg
796,2007-02-05,neg
797,2007-02-06,neg
798,2007-02-07,neg
799,2007-02-08,neg
800,2007-02-09,neg
801,2007-02-10,neg
802,2007-02-11,neg
803,2007-02-12,neg
804,2007-02-13,neg
805,2007-02-14,pos
806,2007-02-15,pos
807,2007-02-16,pos
808,2007-02-17,pos
809,2007-02-18,pos
810,2007-02-19,pos
811,2007-02-20,pos
812,2007-02-21,neg
813,2007-02-22,neg
814,2007-02-23,neg
815,2007-02-24,neg
816,2007-02-25,neg
817,2007-02-26,neg
818,2007-02-27,neg
819,2007-02-28,neg
820,2007-03-01,neg
821,2007-03-02,neg
822,2007-03-03,neg
823,2007-03-04,neg
824,2007-03-05,neg
825,2007-03-06,neg
826,2007-03-07,neg
827,2007-03-08,pos
828,2007-03-09,pos
829,2007-03-10,pos
830,2007-03-11,pos
831,2007-03-12,pos
832,2007-03-13,pos
833,2007-03-14,pos
834,2007-03-15,pos
835,2007-03-16,pos
836,2007-03-17,neg
837,2007-03-18,neg
838,2007-03-19,neg
839,2007-03-20,neg
840,2007-03-21,neg
841,2007-03-22,neg
842,2007-03-23,neg
843,2007-03-24,pos
844,2007-03-25,pos
845,2007-03-26,pos
846,2007-03-27,pos
847,2007-03-28,pos
848,2007-03-29,pos
849,2007-03-30,pos
850,2007-03-31,pos
851,2007-04-01,pos
852,2007-04-02,pos
853,2007-04-03,pos
854,2007-04-04,pos
855,2007-04-05,neg
856,2007-04-06,neg
857,2007-04-07,neg
858,2007-04-08,neg
859,2007-04-09,pos
860,2007-04-10,pos
861,2007-04-11,pos
862,2007-04-12,pos
863,2007-04-13,pos
864,2007-04-14,neg
865,2007-04-15,neg
866,2007-04-16,neg
867,2007-04-17,neg
868,2007-04-18,neg
869,2007-04-19,neg
870,2007-04-20,pos
871,2007-04-21,pos
872,2007-04-22,pos
873,2007-04-23,pos
874,2007-04-24,pos
875,2007-04-25,pos
876,2007-04-26,pos
877,2007-04-27,pos
878,2007-04-28,pos
879,2007-04-29,pos
880,2007-04-30,pos
881,2007-05-01,pos
882,2007-05-02,pos
883,2007-05-03,pos
884,2007-05-04,pos
885,2007-05-05,pos
886,2007-05-06,pos
887,2007-05-07,pos
888,2007-05-08,pos
889,2007-05-09,pos
890,2007-05-10,pos
891,2007-05-11,0.0
892,2007-05-12,0.0
893,2007-05-13,neg
894,2007-05-14,neg
895,2007-05-15,neg
896,2007-05-16,neg
897,2007-05-17,neg
898,2007-05-18,neg
899,2007-05-19,neg
900,2007-05-20,neg
901,2007-05-21,neg
902,2007-05-22,neg
903,2007-05-23,neg
904,2007-05-24,neg
905,2007-05-25,neg
906,2007-05-26,neg
907,2007-05-27,neg
908,2007-05-28,neg
909,2007-05-29,neg
910,2007-05-30,neg
911,2007-05-31,neg
912,2007-06-01,neg
913,2007-06-02,neg
914,2007-06-03,neg
915,2007-06-04,neg
916,2007-06-05,neg
917,2007-06-06,neg
918,2007-06-07,neg
919,2007-06-08,neg
920,2007-06-09,neg
921,2007-06-10,neg
922,2007-06-11,neg
923,2007-06-12,neg
924,2007-06-13,neg
925,2007-06-14,neg
926,2007-06-15,neg
927,2007-06-16,neg
928,2007-06-17,neg
929,2007-06-18,pos
930,2007-06-19,pos
931,2007-06-20,neg
932,2007-06-21,neg
933,2007-06-22,neg
934,2007-06-23,neg
935,2007-06-24,neg
936,2007-06-25,neg
937,2007-06-26,neg
938,2007-06-27,neg
939,2007-06-28,neg
940,2007-06-29,neg
941,2007-06-30,neg
942,2007-07-01,neg
943,2007-07-02,neg
944,2007-07-03,neg
945,2007-07-04,neg
946,2007-07-05,neg
947,2007-07-06,neg
948,2007-07-07,neg
949,2007-07-08,neg
950,2007-07-09,neg
951,2007-07-10,neg
952,2007-07-11,neg
953,2007-07-12,pos
954,2007-07-13,pos
955,2007-07-14,pos
956,2007-07-15,pos
957,2007-07-16,pos
958,2007-07-17,pos
959,2007-07-18,pos
960,2007-07-19,pos
961,2007-07-20,pos
962,2007-07-21,pos
963,2007-07-22,pos
964,2007-07-23,pos
965,2007-07-24,pos
966,2007-07-25,pos
967,2007-07-26,pos
968,2007-07-27,pos
969,2007-07-28,pos
970,2007-07-29,pos
971,2007-07-30,pos
972,2007-07-31,pos
973,2007-08-01,pos
974,2007-08-02,pos
975,2007-08-03,pos
976,2007-08-04,pos
977,2007-08-05,pos
978,2007-08-06,pos
979,2007-08-07,pos
980,2007-08-08,pos
981,2007-08-09,pos
982,2007-08-10,pos
983,2007-08-11,pos
984,2007-08-12,pos
985,2007-08-13,pos
986,2007-08-14,pos
987,2007-08-15,pos
988,2007-08-16,pos
989,2007-08-17,pos
990,2007-08-18,pos
991,2007-08-19,pos
992,2007-08-20,pos
993,2007-08-21,pos
994,2007-08-22,pos
995,2007-08-23,pos
996,2007-08-24,pos
997,2007-08-25,pos
998,2007-08-26,pos
999,2007-08-27,pos
1000,2007-08-28,pos
1001,2007-08-29,pos
1002,2007-08-30,pos
1003,2007-08-31,pos
1004,2007-09-01,pos
1005,2007-09-02,pos
1006,2007-09-03,pos
1007,2007-09-04,pos
1008,2007-09-05,pos
1009,2007-09-06,pos
1010,2007-09-07,pos
1011,2007-09-08,pos
1012,2007-09-09,neg
1013,2007-09-10,neg
1014,2007-09-11,neg
1015,2007-09-12,neg
1016,2007-09-13,neg
1017,2007-09-14,0.0
1018,2007-09-15,0.0
1019,2007-09-16,pos
1020,2007-09-17,pos
1021,2007-09-18,pos
1022,2007-09-19,neg
1023,2007-09-20,neg
1024,2007-09-21,neg
1025,2007-09-22,neg
1026,2007-09-23,neg
1027,2007-09-24,neg
1028,2007-09-25,neg
1029,2007-09-26,neg
1030,2007-09-27,0.0
1031,2007-09-28,0.0
1032,2007-09-29,pos
1033,2007-09-30,pos
1034,2007-10-01,pos
1035,2007-10-02,0.0
1036,2007-10-03,0.0
1037,2007-10-04,pos
1038,2007-10-05,pos
1039,2007-10-06,pos
1040,2007-10-07,pos
1041,2007-10-08,pos
1042,2007-10-09,pos
1043,2007-10-10,pos
1044,2007-10-11,pos
1045,2007-10-12,pos
1046,2007-10-13,pos
1047,2007-10-14,pos
1048,2007-10-15,pos
1049,2007-10-16,pos
1050,2007-10-17,pos
1051,2007-10-18,pos
1052,2007-10-19,pos
1053,2007-10-20,pos
1054,2007-10-21,pos
1055,2007-10-22,pos
1056,2007-10-23,pos
1057,2007-10-24,pos
1058,2007-10-25,pos
1059,2007-10-26,pos
1060,2007-10-27,pos
1061,2007-10-28,pos
1062,2007-10-29,pos
1063,2007-10-30,pos
1064,2007-10-31,pos
1065,2007-11-01,pos
1066,2007-11-02,0.0
1067,2007-11-03,0.0
1068,2007-11-04,neg
1069,2007-11-05,neg
1070,2007-11-06,pos
1071,2007-11-07,pos
1072,2007-11-08,pos
1073,2007-11-09,pos
1074,2007-11-10,pos
1075,2007-11-11,pos
1076,2007-11-12,pos
1077,2007-11-13,0.0
1078,2007-11-14,0.0
1079,2007-11-15,neg
1080,2007-11-16,0.0
1081,2007-11-17,pos
1082,2007-11-18,pos
1083,2007-11-19,0.0
1084,2007-11-20,neg
1085,2007-11-21,neg
1086,2007-11-22,neg
1087,2007-11-23,0.0
1088,2007-11-24,neg
1089,2007-11-25,neg
1090,2007-11-26,neg
1091,2007-11-27,neg
1092,2007-11-28,neg
1093,2007-11-29,0.0
1094,2007-11-30,0.0
1095,2007-12-01,0.0
1096,2007-12-02,pos
1097,2007-12-03,pos
1098,2007-12-04,pos
1099,2007-12-05,neg
1100,2007-12-06,neg
1101,2007-12-07,neg
1102,2007-12-08,neg
1103,2007-12-09,neg
1104,2007-12-10,neg
1105,2007-12-11,neg
1106,2007-12-12,neg
1107,2007-12-13,neg
1108,2007-12-14,neg
1109,2007-12-15,neg
1110,2007-12-16,neg
1111,2007-12-17,neg
1112,2007-12-18,neg
1113,2007-12-19,neg
1114,2007-12-20,neg
1115,2007-12-21,pos
1116,2007-12-22,0.0
1117,2007-12-23,pos
1118,2007-12-24,0.0
1119,2007-12-25,0.0
1120,2007-12-26,0.0
1121,2007-12-27,neg
1122,2007-12-28,0.0
1123,2007-12-29,neg
1124,2007-12-30,neg
1125,2007-12-31,0.0
1126,2008-01-01,0.0
1127,2008-01-02,neg
1128,2008-01-03,neg
1129,2008-01-04,neg
1130,2008-01-05,pos
1131,2008-01-06,pos
1132,2008-01-07,pos
1133,2008-01-08,pos
1134,2008-01-09,pos
1135,2008-01-10,pos
1136,2008-01-11,pos
1137,2008-01-12,0.0
1138,2008-01-13,pos
1139,2008-01-14,pos
1140,2008-01-15,pos
1141,2008-01-16,pos
1142,2008-01-17,pos
1143,2008-01-18,neg
1144,2008-01-19,neg
1145,2008-01-20,neg
1146,2008-01-21,neg
1147,2008-01-22,neg
1148,2008-01-23,pos
1149,2008-01-24,pos
1150,2008-01-25,pos
1151,2008-01-26,pos
1152,2008-01-27,pos
1153,2008-01-28,pos
1154,2008-01-29,0.0
1155,2008-01-30,neg
1156,2008-01-31,neg
1157,2008-02-01,neg
1158,2008-02-02,neg
1159,2008-02-03,neg
1160,2008-02-04,neg
1161,2008-02-05,neg
1162,2008-02-06,neg
1163,2008-02-07,neg
1164,2008-02-08,neg
1165,2008-02-09,neg
1166,2008-02-10,neg
1167,2008-02-11,0.0
1168,2008-02-12,0.0
1169,2008-02-13,0.0
1170,2008-02-14,neg
1171,2008-02-15,neg
1172,2008-02-16,neg
1173,2008-02-17,neg
1174,2008-02-18,pos
1175,2008-02-19,neg
1176,2008-02-20,neg
1177,2008-02-21,pos
1178,2008-02-22,pos
1179,2008-02-23,neg
1180,2008-02-24,neg
1181,2008-02-25,neg
1182,2008-02-26,neg
1183,2008-02-27,neg
1184,2008-02-28,neg
1185,2008-02-29,neg
1186,2008-03-01,neg
1187,2008-03-02,neg
1188,2008-03-03,pos
1189,2008-03-04,pos
1190,2008-03-05,pos
1191,2008-03-06,pos
1192,2008-03-07,pos
1193,2008-03-08,pos
1194,2008-03-09,pos
1195,2008-03-10,pos
1196,2008-03-11,pos
1197,2008-03-12,pos
1198,2008-03-13,neg
1199,2008-03-14,neg
1200,2008-03-15,neg
1201,2008-03-16,neg
1202,2008-03-17,neg
1203,2008-03-18,neg
1204,2008-03-19,neg
1205,2008-03-20,0.0
1206,2008-03-21,pos
1207,2008-03-22,pos
1208,2008-03-23,neg
1209,2008-03-24,neg
1210,2008-03-25,neg
1211,2008-03-26,neg
1212,2008-03-27,neg
1213,2008-03-28,pos
1214,2008-03-29,pos
1215,2008-03-30,0.0
1216,2008-03-31,pos
1217,2008-04-01,pos
1218,2008-04-02,pos
1219,2008-04-03,pos
1220,2008-04-04,pos
1221,2008-04-05,pos
1222,2008-04-06,pos
1223,2008-04-07,pos
1224,2008-04-08,pos
1225,2008-04-09,pos
1226,2008-04-10,neg
1227,2008-04-11,pos
1228,2008-04-12,pos
1229,2008-04-13,pos
1230,2008-04-14,pos
1231,2008-04-15,pos
1232,2008-04-16,pos
1233,2008-04-17,pos
1234,2008-04-18,pos
1235,2008-04-19,pos
1236,2008-04-20,pos
1237,2008-04-21,neg
1238,2008-04-22,0.0
1239,2008-04-23,0.0
1240,2008-04-24,pos
1241,2008-04-25,neg
1242,2008-04-26,pos
1243,2008-04-27,pos
1244,2008-04-28,neg
1245,2008-04-29,neg
1246,2008-04-30,neg
1247,2008-05-01,neg
1248,2008-05-02,neg
1249,2008-05-03,neg
1250,2008-05-04,neg
1251,2008-05-05,neg
1252,2008-05-06,pos
1253,2008-05-07,pos
1254,2008-05-08,neg
1255,2008-05-09,neg
1256,2008-05-10,neg
1257,2008-05-11,pos
1258,2008-05-12,0.0
1259,2008-05-13,neg
1260,2008-05-14,neg
1261,2008-05-15,neg
1262,2008-05-16,neg
1263,2008-05-17,neg
1264,2008-05-18,neg
1265,2008-05-19,neg
1266,2008-05-20,neg
1267,2008-05-21,neg
1268,2008-05-22,pos
1269,2008-05-23,pos
1270,2008-05-24,pos
1271,2008-05-25,0.0
1272,2008-05-26,pos
1273,2008-05-27,pos
1274,2008-05-28,pos
1275,2008-05-29,pos
1276,2008-05-30,pos
1277,2008-05-31,pos
1278,2008-06-01,pos
1279,2008-06-02,pos
1280,2008-06-03,pos
1281,2008-06-04,pos
1282,2008-06-05,pos
1283,2008-06-06,neg
1284,2008-06-07,neg
1285,2008-06-08,neg
1286,2008-06-09,neg
1287,2008-06-10,neg
1288,2008-06-11,neg
1289,2008-06-12,neg
1290,2008-06-13,pos
1291,2008-06-14,pos
1292,2008-06-15,pos
1293,2008-06-16,pos
1294,2008-06-17,pos
1295,2008-06-18,pos
1296,2008-06-19,pos
1297,2008-06-20,pos
1298,2008-06-21,pos
1299,2008-06-22,pos
1300,2008-06-23,neg
1301,2008-06-24,neg
1302,2008-06-25,neg
1303,2008-06-26,pos
1304,2008-06-27,neg
1305,2008-06-28,neg
1306,2008-06-29,neg
1307,2008-06-30,neg
1308,2008-07-01,neg
1309,2008-07-02,neg
1310,2008-07-03,neg
1311,2008-07-04,pos
1312,2008-07-05,pos
1313,2008-07-06,pos
1314,2008-07-07,pos
1315,2008-07-08,pos
1316,2008-07-09,pos
1317,2008-07-10,pos
1318,2008-07-11,pos
1319,2008-07-12,pos
1320,2008-07-13,pos
1321,2008-07-14,pos
1322,2008-07-15,pos
1323,2008-07-16,pos
1324,2008-07-17,0.0
1325,2008-07-18,pos
1326,2008-07-19,pos
1327,2008-07-20,pos
1328,2008-07-21,neg
1329,2008-07-22,neg
1330,2008-07-23,neg
1331,2008-07-24,pos
1332,2008-07-25,pos
1333,2008-07-26,pos
1334,2008-07-27,neg
1335,2008-07-28,pos
1336,2008-07-29,pos
1337,2008-07-30,0.0
1338,2008-07-31,pos
1339,2008-08-01,pos
1340,2008-08-02,pos
1341,2008-08-03,pos
1342,2008-08-04,neg
1343,2008-08-05,neg
1344,2008-08-06,neg
1345,2008-08-07,pos
1346,2008-08-08,pos
1347,2008-08-09,pos
1348,2008-08-10,pos
1349,2008-08-11,pos
1350,2008-08-12,pos
1351,2008-08-13,pos
1352,2008-08-14,pos
1353,2008-08-15,pos
1354,2008-08-16,pos
1355,2008-08-17,pos
1356,2008-08-18,pos
1357,2008-08-19,pos
1358,2008-08-20,pos
1359,2008-08-21,pos
1360,2008-08-22,pos
1361,2008-08-23,pos
1362,2008-08-24,pos
1363,2008-08-25,pos
1364,2008-08-26,pos
1365,2008-08-27,pos
1366,2008-08-28,pos
1367,2008-08-29,pos
1368,2008-08-30,pos
1369,2008-08-31,pos
1370,2008-09-01,pos
1371,2008-09-02,pos
1372,2008-09-03,pos
1373,2008-09-04,pos
1374,2008-09-05,pos
1375,2008-09-06,pos
1376,2008-09-07,neg
1377,2008-09-08,pos
1378,2008-09-09,pos
1379,2008-09-10,neg
1380,2008-09-11,pos
1381,2008-09-12,0.0
1382,2008-09-13,0.0
1383,2008-09-14,0.0
1384,2008-09-15,0.0
1385,2008-09-16,neg
1386,2008-09-17,neg
1387,2008-09-18,neg
1388,2008-09-19,neg
1389,2008-09-20,neg
1390,2008-09-21,neg
1391,2008-09-22,neg
1392,2008-09-23,neg
1393,2008-09-24,neg
1394,2008-09-25,neg
1395,2008-09-26,neg
1396,2008-09-27,neg
1397,2008-09-28,neg
1398,2008-09-29,neg
1399,2008-09-30,neg
1400,2008-10-01,neg
1401,2008-10-02,neg
1402,2008-10-03,neg
1403,2008-10-04,neg
1404,2008-10-05,neg
1405,2008-10-06,neg
1406,2008-10-07,neg
1407,2008-10-08,neg
1408,2008-10-09,neg
1409,2008-10-10,neg
1410,2008-10-11,neg
1411,2008-10-12,neg
1412,2008-10-13,neg
1413,2008-10-14,neg
1414,2008-10-15,neg
1415,2008-10-16,neg
1416,2008-10-17,neg
1417,2008-10-18,neg
1418,2008-10-19,neg
1419,2008-10-20,neg
1420,2008-10-21,neg
1421,2008-10-22,neg
1422,2008-10-23,pos
1423,2008-10-24,pos
1424,2008-10-25,pos
1425,2008-10-26,neg
1426,2008-10-27,neg
1427,2008-10-28,neg
1428,2008-10-29,neg
1429,2008-10-30,neg
1430,2008-10-31,neg
1431,2008-11-01,neg
1432,2008-11-02,neg
1433,2008-11-03,neg
1434,2008-11-04,neg
1435,2008-11-05,neg
1436,2008-11-06,neg
1437,2008-11-07,neg
1438,2008-11-08,neg
1439,2008-11-09,neg
1440,2008-11-10,neg
1441,2008-11-11,neg
1442,2008-11-12,neg
1443,2008-11-13,neg
1444,2008-11-14,neg
1445,2008-11-15,neg
1446,2008-11-16,neg
1447,2008-11-17,neg
1448,2008-11-18,neg
1449,2008-11-19,neg
1450,2008-11-20,neg
1451,2008-11-21,neg
1452,2008-11-22,neg
1453,2008-11-23,neg
1454,2008-11-24,neg
1455,2008-11-25,neg
1456,2008-11-26,neg
1457,2008-11-27,neg
1458,2008-11-28,neg
1459,2008-11-29,neg
1460,2008-11-30,neg
1461,2008-12-01,neg
1462,2008-12-02,neg
1463,2008-12-03,neg
1464,2008-12-04,neg
1465,2008-12-05,neg
1466,2008-12-06,neg
1467,2008-12-07,neg
1468,2008-12-08,pos
1469,2008-12-09,neg
1470,2008-12-10,neg
1471,2008-12-11,neg
1472,2008-12-12,neg
1473,2008-12-13,neg
1474,2008-12-14,neg
1475,2008-12-15,neg
1476,2008-12-16,neg
1477,2008-12-17,neg
1478,2008-12-18,neg
1479,2008-12-19,neg
1480,2008-12-20,neg
1481,2008-12-21,neg
1482,2008-12-22,neg
1483,2008-12-23,neg
1484,2008-12-24,neg
1485,2008-12-25,neg
1486,2008-12-26,neg
1487,2008-12-27,neg
1488,2008-12-28,neg
1489,2008-12-29,neg
1490,2008-12-30,neg
1491,2008-12-31,neg
1492,2009-01-01,neg
1493,2009-01-02,neg
1494,2009-01-03,neg
1495,2009-01-04,neg
1496,2009-01-05,neg
1497,2009-01-06,neg
1498,2009-01-07,neg
1499,2009-01-08,neg
1500,2009-01-09,neg
1501,2009-01-10,neg
1502,2009-01-11,neg
1503,2009-01-12,neg
1504,2009-01-13,neg
1505,2009-01-14,neg
1506,2009-01-15,neg
1507,2009-01-16,neg
1508,2009-01-17,neg
1509,2009-01-18,neg
1510,2009-01-19,neg
1511,2009-01-20,neg
1512,2009-01-21,neg
1513,2009-01-22,neg
1514,2009-01-23,neg
1515,2009-01-24,neg
1516,2009-01-25,neg
1517,2009-01-26,neg
1518,2009-01-27,neg
1519,2009-01-28,neg
1520,2009-01-29,neg
1521,2009-01-30,neg
1522,2009-01-31,neg
1523,2009-02-01,neg
1524,2009-02-02,neg
1525,2009-02-03,neg
1526,2009-02-04,neg
1527,2009-02-05,neg
1528,2009-02-06,neg
1529,2009-02-07,neg
1530,2009-02-08,neg
1531,2009-02-09,neg
1532,2009-02-10,neg
1533,2009-02-11,neg
1534,2009-02-12,neg
1535,2009-02-13,neg
1536,2009-02-14,neg
1537,2009-02-15,neg
1538,2009-02-16,neg
1539,2009-02-17,neg
1540,2009-02-18,neg
1541,2009-02-19,neg
1542,2009-02-20,neg
1543,2009-02-21,neg
1544,2009-02-22,neg
1545,2009-02-23,neg
1546,2009-02-24,neg
1547,2009-02-25,neg
1548,2009-02-26,neg
1549,2009-02-27,neg
1550,2009-02-28,neg
1551,2009-03-01,neg
1552,2009-03-02,neg
1553,2009-03-03,neg
1554,2009-03-04,neg
1555,2009-03-05,neg
1556,2009-03-06,neg
1557,2009-03-07,neg
1558,2009-03-08,neg
1559,2009-03-09,neg
1560,2009-03-10,neg
1561,2009-03-11,neg
1562,2009-03-12,neg
1563,2009-03-13,neg
1564,2009-03-14,neg
1565,2009-03-15,neg
1566,2009-03-16,neg
1567,2009-03-17,pos
1568,2009-03-18,neg
1569,2009-03-19,pos
1570,2009-03-20,pos
1571,2009-03-21,pos
1572,2009-03-22,pos
1573,2009-03-23,neg
1574,2009-03-24,neg
1575,2009-03-25,neg
1576,2009-03-26,pos
1577,2009-03-27,pos
1578,2009-03-28,pos
1579,2009-03-29,neg
1580,2009-03-30,neg
1581,2009-03-31,neg
1582,2009-04-01,neg
1583,2009-04-02,neg
1584,2009-04-03,neg
1585,2009-04-04,neg
1586,2009-04-05,neg
1587,2009-04-06,neg
1588,2009-04-07,neg
1589,2009-04-08,neg
1590,2009-04-09,pos
1591,2009-04-10,pos
1592,2009-04-11,pos
1593,2009-04-12,pos
1594,2009-04-13,neg
1595,2009-04-14,neg
1596,2009-04-15,neg
1597,2009-04-16,pos
1598,2009-04-17,neg
1599,2009-04-18,neg
1600,2009-04-19,pos
1601,2009-04-20,pos
1602,2009-04-21,neg
1603,2009-04-22,neg
1604,2009-04-23,pos
1605,2009-04-24,pos
1606,2009-04-25,pos
1607,2009-04-26,neg
1608,2009-04-27,pos
1609,2009-04-28,pos
1610,2009-04-29,pos
1611,2009-04-30,pos
1612,2009-05-01,pos
1613,2009-05-02,pos
1614,2009-05-03,pos
1615,2009-05-04,pos
1616,2009-05-05,pos
1617,2009-05-06,pos
1618,2009-05-07,pos
1619,2009-05-08,pos
1620,2009-05-09,pos
1621,2009-05-10,pos
1622,2009-05-11,pos
1623,2009-05-12,pos
1624,2009-05-13,pos
1625,2009-05-14,pos
1626,2009-05-15,pos
1627,2009-05-16,pos
1628,2009-05-17,pos
1629,2009-05-18,pos
1630,2009-05-19,neg
1631,2009-05-20,neg
1632,2009-05-21,pos
1633,2009-05-22,pos
1634,2009-05-23,pos
1635,2009-05-24,pos
1636,2009-05-25,pos
1637,2009-05-26,pos
1638,2009-05-27,pos
1639,2009-05-28,pos
1640,2009-05-29,pos
1641,2009-05-30,pos
1642,2009-05-31,pos
1643,2009-06-01,pos
1644,2009-06-02,pos
1645,2009-06-03,pos
1646,2009-06-04,pos
1647,2009-06-05,pos
1648,2009-06-06,pos
1649,2009-06-07,pos
1650,2009-06-08,pos
1651,2009-06-09,pos
1652,2009-06-10,pos
1653,2009-06-11,pos
1654,2009-06-12,pos
1655,2009-06-13,pos
1656,2009-06-14,pos
1657,2009-06-15,0.0
1658,2009-06-16,pos
1659,2009-06-17,pos
1660,2009-06-18,pos
1661,2009-06-19,pos
1662,2009-06-20,pos
1663,2009-06-21,neg
1664,2009-06-22,neg
1665,2009-06-23,neg
1666,2009-06-24,neg
1667,2009-06-25,neg
1668,2009-06-26,neg
1669,2009-06-27,neg
1670,2009-06-28,neg
1671,2009-06-29,neg
1672,2009-06-30,0.0
1673,2009-07-01,neg
1674,2009-07-02,neg
1675,2009-07-03,neg
1676,2009-07-04,0.0
1677,2009-07-05,neg
1678,2009-07-06,0.0
1679,2009-07-07,neg
1680,2009-07-08,neg
1681,2009-07-09,0.0
1682,2009-07-10,neg
1683,2009-07-11,pos
1684,2009-07-12,neg
1685,2009-07-13,0.0
1686,2009-07-14,pos
1687,2009-07-15,pos
1688,2009-07-16,pos
1689,2009-07-17,0.0
1690,2009-07-18,neg
1691,2009-07-19,neg
1692,2009-07-20,0.0
1693,2009-07-21,neg
1694,2009-07-22,neg
1695,2009-07-23,0.0
1696,2009-07-24,pos
1697,2009-07-25,pos
1698,2009-07-26,0.0
1699,2009-07-27,pos
1700,2009-07-28,pos
1701,2009-07-29,pos
1702,2009-07-30,pos
1703,2009-07-31,neg
1704,2009-08-01,pos
1705,2009-08-02,pos
1706,2009-08-03,pos
1707,2009-08-04,pos
1708,2009-08-05,pos
1709,2009-08-06,pos
1710,2009-08-07,pos
1711,2009-08-08,pos
1712,2009-08-09,pos
1713,2009-08-10,pos
1714,2009-08-11,pos
1715,2009-08-12,pos
1716,2009-08-13,pos
1717,2009-08-14,pos
1718,2009-08-15,pos
1719,2009-08-16,pos
1720,2009-08-17,pos
1721,2009-08-18,pos
1722,2009-08-19,pos
1723,2009-08-20,pos
1724,2009-08-21,pos
1725,2009-08-22,pos
1726,2009-08-23,pos
1727,2009-08-24,pos
1728,2009-08-25,pos
1729,2009-08-26,pos
1730,2009-08-27,pos
1731,2009-08-28,pos
1732,2009-08-29,pos
1733,2009-08-30,pos
1734,2009-08-31,pos
1735,2009-09-01,pos
1736,2009-09-02,pos
1737,2009-09-03,pos
1738,2009-09-04,0.0
1739,2009-09-05,0.0
1740,2009-09-06,neg
1741,2009-09-07,neg
1742,2009-09-08,neg
1743,2009-09-09,neg
1744,2009-09-10,0.0
1745,2009-09-11,0.0
1746,2009-09-12,pos
1747,2009-09-13,pos
1748,2009-09-14,pos
1749,2009-09-15,pos
1750,2009-09-16,pos
1751,2009-09-17,pos
1752,2009-09-18,pos
1753,2009-09-19,pos
1754,2009-09-20,pos
1755,2009-09-21,neg
1756,2009-09-22,neg
1757,2009-09-23,neg
1758,2009-09-24,pos
1759,2009-09-25,pos
1760,2009-09-26,pos
1761,2009-09-27,pos
1762,2009-09-28,pos
1763,2009-09-29,pos
1764,2009-09-30,pos
1765,2009-10-01,pos
1766,2009-10-02,pos
1767,2009-10-03,pos
1768,2009-10-04,pos
1769,2009-10-05,pos
1770,2009-10-06,pos
1771,2009-10-07,pos
1772,2009-10-08,pos
1773,2009-10-09,pos
1774,2009-10-10,pos
1775,2009-10-11,0.0
1776,2009-10-12,0.0
1777,2009-10-13,0.0
1778,2009-10-14,0.0
1779,2009-10-15,neg
1780,2009-10-16,neg
1781,2009-10-17,neg
1782,2009-10-18,neg
1783,2009-10-19,neg
1784,2009-10-20,neg
1785,2009-10-21,pos
1786,2009-10-22,pos
1787,2009-10-23,pos
1788,2009-10-24,pos
1789,2009-10-25,0.0
1790,2009-10-26,0.0
1791,2009-10-27,0.0
1792,2009-10-28,0.0
1793,2009-10-29,pos
1794,2009-10-30,0.0
1795,2009-10-31,pos
1796,2009-11-01,pos
1797,2009-11-02,0.0
1798,2009-11-03,neg
1799,2009-11-04,neg
1800,2009-11-05,pos
1801,2009-11-06,0.0
1802,2009-11-07,pos
1803,2009-11-08,pos
1804,2009-11-09,pos
1805,2009-11-10,pos
1806,2009-11-11,neg
1807,2009-11-12,pos
1808,2009-11-13,pos
1809,2009-11-14,pos
1810,2009-11-15,pos
1811,2009-11-16,pos
1812,2009-11-17,pos
1813,2009-11-18,neg
1814,2009-11-19,neg
1815,2009-11-20,pos
1816,2009-11-21,neg
1817,2009-11-22,pos
1818,2009-11-23,pos
1819,2009-11-24,0.0
1820,2009-11-25,neg
1821,2009-11-26,pos
1822,2009-11-27,0.0
1823,2009-11-28,0.0
1824,2009-11-29,neg
1825,2009-11-30,0.0
1826,2009-12-01,neg
1827,2009-12-02,neg
1828,2009-12-03,0.0
1829,2009-12-04,pos
1830,2009-12-05,pos
1831,2009-12-06,0.0
1832,2009-12-07,neg
1833,2009-12-08,neg
1834,2009-12-09,neg
1835,2009-12-10,pos
1836,2009-12-11,neg
1837,2009-12-12,pos
1838,2009-12-13,neg
1839,2009-12-14,0.0
1840,2009-12-15,0.0
1841,2009-12-16,0.0
1842,2009-12-17,neg
1843,2009-12-18,pos
1844,2009-12-19,pos
1845,2009-12-20,pos
1846,2009-12-21,neg
1847,2009-12-22,neg
1848,2009-12-23,neg
1849,2009-12-24,neg
1850,2009-12-25,neg
1851,2009-12-26,neg
1852,2009-12-27,neg
1853,2009-12-28,0.0
1854,2009-12-29,0.0
1855,2009-12-30,0.0
1856,2009-12-31,0.0
1857,2010-01-01,pos
1858,2010-01-02,pos
1859,2010-01-03,pos
1860,2010-01-04,neg
1861,2010-01-05,neg
1862,2010-01-06,neg
1863,2010-01-07,pos
1864,2010-01-08,pos
1865,2010-01-09,pos
1866,2010-01-10,neg
1867,2010-01-11,0.0
1868,2010-01-12,0.0
1869,2010-01-13,0.0
1870,2010-01-14,0.0
1871,2010-01-15,0.0
1872,2010-01-16,0.0
1873,2010-01-17,0.0
1874,2010-01-18,neg
1875,2010-01-19,neg
1876,2010-01-20,neg
1877,2010-01-21,pos
1878,2010-01-22,pos
1879,2010-01-23,pos
1880,2010-01-24,pos
1881,2010-01-25,pos
1882,2010-01-26,pos
1883,2010-01-27,pos
1884,2010-01-28,pos
1885,2010-01-29,pos
1886,2010-01-30,pos
1887,2010-01-31,0.0
1888,2010-02-01,0.0
1889,2010-02-02,neg
1890,2010-02-03,neg
1891,2010-02-04,pos
1892,2010-02-05,pos
1893,2010-02-06,pos
1894,2010-02-07,0.0
1895,2010-02-08,0.0
1896,2010-02-09,neg
1897,2010-02-10,neg
1898,2010-02-11,pos
1899,2010-02-12,pos
1900,2010-02-13,pos
1901,2010-02-14,pos
1902,2010-02-15,pos
1903,2010-02-16,pos
1904,2010-02-17,pos
1905,2010-02-18,pos
1906,2010-02-19,pos
1907,2010-02-20,pos
1908,2010-02-21,0.0
1909,2010-02-22,neg
1910,2010-02-23,neg
1911,2010-02-24,neg
1912,2010-02-25,pos
1913,2010-02-26,pos
1914,2010-02-27,pos
1915,2010-02-28,pos
1916,2010-03-01,pos
1917,2010-03-02,pos
1918,2010-03-03,0.0
1919,2010-03-04,pos
1920,2010-03-05,pos
1921,2010-03-06,pos
1922,2010-03-07,pos
1923,2010-03-08,pos
1924,2010-03-09,pos
1925,2010-03-10,neg
1926,2010-03-11,pos
1927,2010-03-12,pos
1928,2010-03-13,pos
1929,2010-03-14,0.0
1930,2010-03-15,neg
1931,2010-03-16,neg
1932,2010-03-17,neg
1933,2010-03-18,neg
1934,2010-03-19,neg
1935,2010-03-20,neg
1936,2010-03-21,neg
1937,2010-03-22,0.0
1938,2010-03-23,neg
1939,2010-03-24,neg
1940,2010-03-25,pos
1941,2010-03-26,pos
1942,2010-03-27,pos
1943,2010-03-28,neg
1944,2010-03-29,neg
1945,2010-03-30,neg
1946,2010-03-31,neg
1947,2010-04-01,neg
1948,2010-04-02,neg
1949,2010-04-03,neg
1950,2010-04-04,neg
1951,2010-04-05,neg
1952,2010-04-06,pos
1953,2010-04-07,pos
1954,2010-04-08,0.0
1955,2010-04-09,neg
1956,2010-04-10,pos
1957,2010-04-11,neg
1958,2010-04-12,neg
1959,2010-04-13,neg
1960,2010-04-14,neg
1961,2010-04-15,neg
1962,2010-04-16,neg
1963,2010-04-17,neg
1964,2010-04-18,neg
1965,2010-04-19,neg
1966,2010-04-20,neg
1967,2010-04-21,0.0
1968,2010-04-22,neg
1969,2010-04-23,0.0
1970,2010-04-24,0.0
1971,2010-04-25,neg
1972,2010-04-26,pos
1973,2010-04-27,pos
1974,2010-04-28,pos
1975,2010-04-29,0.0
1976,2010-04-30,pos
1977,2010-05-01,0.0
1978,2010-05-02,pos
1979,2010-05-03,0.0
1980,2010-05-04,pos
1981,2010-05-05,pos
1982,2010-05-06,pos
1983,2010-05-07,neg
1984,2010-05-08,neg
1985,2010-05-09,neg
1986,2010-05-10,pos
1987,2010-05-11,pos
1988,2010-05-12,pos
1989,2010-05-13,0.0
1990,2010-05-14,0.0
1991,2010-05-15,pos
1992,2010-05-16,pos
1993,2010-05-17,pos
1994,2010-05-18,pos
1995,2010-05-19,pos
1996,2010-05-20,pos
1997,2010-05-21,pos
1998,2010-05-22,pos
1999,2010-05-23,pos
2000,2010-05-24,pos
2001,2010-05-25,pos
2002,2010-05-26,neg
2003,2010-05-27,neg
2004,2010-05-28,neg
2005,2010-05-29,neg
2006,2010-05-30,neg
2007,2010-05-31,0.0
2008,2010-06-01,neg
2009,2010-06-02,neg
2010,2010-06-03,neg
2011,2010-06-04,neg
2012,2010-06-05,neg
2013,2010-06-06,neg
2014,2010-06-07,neg
2015,2010-06-08,neg
2016,2010-06-09,neg
2017,2010-06-10,pos
2018,2010-06-11,pos
2019,2010-06-12,pos
2020,2010-06-13,pos
2021,2010-06-14,pos
2022,2010-06-15,pos
2023,2010-06-16,0.0
2024,2010-06-17,neg
2025,2010-06-18,neg
2026,2010-06-19,neg
2027,2010-06-20,neg
2028,2010-06-21,neg
2029,2010-06-22,neg
2030,2010-06-23,neg
2031,2010-06-24,0.0
2032,2010-06-25,0.0
2033,2010-06-26,pos
2034,2010-06-27,pos
2035,2010-06-28,pos
2036,2010-06-29,neg
2037,2010-06-30,pos
2038,2010-07-01,neg
2039,2010-07-02,0.0
2040,2010-07-03,0.0
2041,2010-07-04,0.0
2042,2010-07-05,pos
2043,2010-07-06,pos
2044,2010-07-07,pos
2045,2010-07-08,pos
2046,2010-07-09,pos
2047,2010-07-10,pos
2048,2010-07-11,pos
2049,2010-07-12,pos
2050,2010-07-13,pos
2051,2010-07-14,pos
2052,2010-07-15,pos
2053,2010-07-16,pos
2054,2010-07-17,pos
2055,2010-07-18,pos
2056,2010-07-19,pos
2057,2010-07-20,pos
2058,2010-07-21,pos
2059,2010-07-22,pos
2060,2010-07-23,pos
2061,2010-07-24,pos
2062,2010-07-25,pos
2063,2010-07-26,pos
2064,2010-07-27,pos
2065,2010-07-28,pos
2066,2010-07-29,pos
2067,2010-07-30,pos
2068,2010-07-31,pos
2069,2010-08-01,pos
2070,2010-08-02,pos
2071,2010-08-03,pos
2072,2010-08-04,pos
2073,2010-08-05,pos
2074,2010-08-06,pos
2075,2010-08-07,pos
2076,2010-08-08,pos
2077,2010-08-09,pos
2078,2010-08-10,pos
2079,2010-08-11,pos
2080,2010-08-12,0.0
2081,2010-08-13,pos
2082,2010-08-14,pos
2083,2010-08-15,0.0
2084,2010-08-16,pos
2085,2010-08-17,pos
2086,2010-08-18,pos
2087,2010-08-19,pos
2088,2010-08-20,pos
2089,2010-08-21,pos
2090,2010-08-22,pos
2091,2010-08-23,neg
2092,2010-08-24,pos
2093,2010-08-25,pos
2094,2010-08-26,pos
2095,2010-08-27,pos
2096,2010-08-28,pos
2097,2010-08-29,0.0
2098,2010-08-30,neg
2099,2010-08-31,0.0
2100,2010-09-01,neg
2101,2010-09-02,neg
2102,2010-09-03,0.0
2103,2010-09-04,0.0
2104,2010-09-05,neg
2105,2010-09-06,neg
2106,2010-09-07,neg
2107,2010-09-08,0.0
2108,2010-09-09,neg
2109,2010-09-10,neg
2110,2010-09-11,neg
2111,2010-09-12,0.0
2112,2010-09-13,0.0
2113,2010-09-14,0.0
2114,2010-09-15,pos
2115,2010-09-16,pos
2116,2010-09-17,pos
2117,2010-09-18,pos
2118,2010-09-19,0.0
2119,2010-09-20,0.0
2120,2010-09-21,0.0
2121,2010-09-22,0.0
2122,2010-09-23,pos
2123,2010-09-24,neg
2124,2010-09-25,neg
2125,2010-09-26,0.0
2126,2010-09-27,neg
2127,2010-09-28,neg
2128,2010-09-29,neg
2129,2010-09-30,0.0
2130,2010-10-01,neg
2131,2010-10-02,0.0
2132,2010-10-03,0.0
2133,2010-10-04,neg
2134,2010-10-05,neg
2135,2010-10-06,neg
2136,2010-10-07,pos
2137,2010-10-08,pos
2138,2010-10-09,0.0
2139,2010-10-10,0.0
2140,2010-10-11,0.0
2141,2010-10-12,0.0
2142,2010-10-13,0.0
2143,2010-10-14,pos
2144,2010-10-15,0.0
2145,2010-10-16,neg
2146,2010-10-17,neg
2147,2010-10-18,neg
2148,2010-10-19,0.0
2149,2010-10-20,pos
2150,2010-10-21,0.0
2151,2010-10-22,0.0
2152,2010-10-23,0.0
2153,2010-10-24,0.0
2154,2010-10-25,neg
2155,2010-10-26,neg
2156,2010-10-27,neg
2157,2010-10-28,neg
2158,2010-10-29,neg
2159,2010-10-30,0.0
2160,2010-10-31,neg
2161,2010-11-01,neg
2162,2010-11-02,neg
2163,2010-11-03,neg
2164,2010-11-04,0.0
2165,2010-11-05,pos
2166,2010-11-06,pos
2167,2010-11-07,neg
2168,2010-11-08,neg
2169,2010-11-09,0.0
2170,2010-11-10,neg
2171,2010-11-11,neg
2172,2010-11-12,neg
2173,2010-11-13,neg
2174,2010-11-14,neg
2175,2010-11-15,neg
2176,2010-11-16,pos
2177,2010-11-17,pos
2178,2010-11-18,pos
2179,2010-11-19,pos
2180,2010-11-20,pos
2181,2010-11-21,pos
2182,2010-11-22,pos
2183,2010-11-23,pos
2184,2010-11-24,pos
2185,2010-11-25,pos
2186,2010-11-26,pos
2187,2010-11-27,pos
2188,2010-11-28,pos
2189,2010-11-29,pos
2190,2010-11-30,pos
2191,2010-12-01,pos
2192,2010-12-02,pos
2193,2010-12-03,pos
2194,2010-12-04,pos
2195,2010-12-05,pos
2196,2010-12-06,pos
2197,2010-12-07,pos
2198,2010-12-08,pos
2199,2010-12-09,pos
2200,2010-12-10,pos
2201,2010-12-11,pos
2202,2010-12-12,pos
2203,2010-12-13,pos
2204,2010-12-14,pos
2205,2010-12-15,pos
2206,2010-12-16,pos
2207,2010-12-17,0.0
2208,2010-12-18,neg
2209,2010-12-19,neg
2210,2010-12-20,0.0
2211,2010-12-21,pos
2212,2010-12-22,pos
2213,2010-12-23,neg
2214,2010-12-24,neg
2215,2010-12-25,neg
2216,2010-12-26,0.0
2217,2010-12-27,0.0
2218,2010-12-28,neg
2219,2010-12-29,neg
2220,2010-12-30,neg
2221,2010-12-31,0.0
2222,2011-01-01,pos
2223,2011-01-02,pos
2224,2011-01-03,neg
2225,2011-01-04,0.0
2226,2011-01-05,neg
2227,2011-01-06,neg
2228,2011-01-07,neg
2229,2011-01-08,neg
2230,2011-01-09,neg
2231,2011-01-10,neg
2232,2011-01-11,0.0
2233,2011-01-12,0.0
2234,2011-01-13,pos
2235,2011-01-14,pos
2236,2011-01-15,pos
2237,2011-01-16,pos
2238,2011-01-17,pos
2239,2011-01-18,pos
2240,2011-01-19,pos
2241,2011-01-20,pos
2242,2011-01-21,pos
2243,2011-01-22,pos
2244,2011-01-23,pos
2245,2011-01-24,pos
2246,2011-01-25,pos
2247,2011-01-26,pos
2248,2011-01-27,pos
2249,2011-01-28,pos
2250,2011-01-29,pos
2251,2011-01-30,pos
2252,2011-01-31,pos
2253,2011-02-01,pos
2254,2011-02-02,pos
2255,2011-02-03,pos
2256,2011-02-04,pos
2257,2011-02-05,pos
2258,2011-02-06,pos
2259,2011-02-07,pos
2260,2011-02-08,pos
2261,2011-02-09,pos
2262,2011-02-10,pos
2263,2011-02-11,pos
2264,2011-02-12,pos
2265,2011-02-13,pos
2266,2011-02-14,pos
2267,2011-02-15,0.0
2268,2011-02-16,pos
2269,2011-02-17,pos
2270,2011-02-18,neg
2271,2011-02-19,neg
2272,2011-02-20,0.0
2273,2011-02-21,0.0
2274,2011-02-22,0.0
2275,2011-02-23,0.0
2276,2011-02-24,pos
2277,2011-02-25,pos
2278,2011-02-26,pos
2279,2011-02-27,pos
2280,2011-02-28,pos
2281,2011-03-01,pos
2282,2011-03-02,pos
2283,2011-03-03,0.0
2284,2011-03-04,0.0
2285,2011-03-05,0.0
2286,2011-03-06,0.0
2287,2011-03-07,pos
2288,2011-03-08,0.0
2289,2011-03-09,0.0
2290,2011-03-10,pos
2291,2011-03-11,pos
2292,2011-03-12,pos
2293,2011-03-13,pos
2294,2011-03-14,pos
2295,2011-03-15,pos
2296,2011-03-16,pos
2297,2011-03-17,pos
2298,2011-03-18,pos
2299,2011-03-19,pos
2300,2011-03-20,pos
2301,2011-03-21,pos
2302,2011-03-22,pos
2303,2011-03-23,pos
2304,2011-03-24,pos
2305,2011-03-25,pos
2306,2011-03-26,pos
2307,2011-03-27,pos
2308,2011-03-28,pos
2309,2011-03-29,pos
2310,2011-03-30,pos
2311,2011-03-31,pos
2312,2011-04-01,pos
2313,2011-04-02,pos
2314,2011-04-03,pos
2315,2011-04-04,pos
2316,2011-04-05,pos
2317,2011-04-06,pos
2318,2011-04-07,pos
2319,2011-04-08,pos
2320,2011-04-09,pos
2321,2011-04-10,pos
2322,2011-04-11,pos
2323,2011-04-12,pos
2324,2011-04-13,pos
2325,2011-04-14,pos
2326,2011-04-15,pos
2327,2011-04-16,pos
2328,2011-04-17,pos
2329,2011-04-18,pos
2330,2011-04-19,pos
2331,2011-04-20,pos
2332,2011-04-21,pos
2333,2011-04-22,pos
2334,2011-04-23,0.0
2335,2011-04-24,pos
2336,2011-04-25,pos
2337,2011-04-26,pos
2338,2011-04-27,pos
2339,2011-04-28,pos
2340,2011-04-29,pos
2341,2011-04-30,pos
2342,2011-05-01,pos
2343,2011-05-02,pos
2344,2011-05-03,pos
2345,2011-05-04,pos
2346,2011-05-05,pos
2347,2011-05-06,neg
2348,2011-05-07,neg
2349,2011-05-08,0.0
2350,2011-05-09,pos
2351,2011-05-10,pos
2352,2011-05-11,pos
2353,2011-05-12,pos
2354,2011-05-13,pos
2355,2011-05-14,pos
2356,2011-05-15,pos
2357,2011-05-16,pos
2358,2011-05-17,pos
2359,2011-05-18,pos
2360,2011-05-19,pos
2361,2011-05-20,neg
2362,2011-05-21,neg
2363,2011-05-22,0.0
2364,2011-05-23,0.0
2365,2011-05-24,pos
2366,2011-05-25,pos
2367,2011-05-26,0.0
2368,2011-05-27,pos
2369,2011-05-28,pos
2370,2011-05-29,pos
2371,2011-05-30,pos
2372,2011-05-31,pos
2373,2011-06-01,0.0
2374,2011-06-02,pos
2375,2011-06-03,neg
2376,2011-06-04,neg
2377,2011-06-05,neg
2378,2011-06-06,neg
2379,2011-06-07,pos
2380,2011-06-08,0.0
2381,2011-06-09,neg
2382,2011-06-10,pos
2383,2011-06-11,pos
2384,2011-06-12,pos
2385,2011-06-13,pos
2386,2011-06-14,pos
2387,2011-06-15,pos
2388,2011-06-16,pos
2389,2011-06-17,pos
2390,2011-06-18,pos
2391,2011-06-19,pos
2392,2011-06-20,pos
2393,2011-06-21,pos
2394,2011-06-22,pos
2395,2011-06-23,pos
2396,2011-06-24,pos
2397,2011-06-25,pos
2398,2011-06-26,pos
2399,2011-06-27,pos
2400,2011-06-28,pos
2401,2011-06-29,pos
2402,2011-06-30,pos
2403,2011-07-01,pos
2404,2011-07-02,pos
2405,2011-07-03,pos
2406,2011-07-04,pos
2407,2011-07-05,pos
2408,2011-07-06,pos
2409,2011-07-07,pos
2410,2011-07-08,pos
2411,2011-07-09,pos
2412,2011-07-10,pos
2413,2011-07-11,0.0
2414,2011-07-12,0.0
2415,2011-07-13,0.0
2416,2011-07-14,pos
2417,2011-07-15,neg
2418,2011-07-16,0.0
2419,2011-07-17,0.0
2420,2011-07-18,0.0
2421,2011-07-19,0.0
2422,2011-07-20,pos
2423,2011-07-21,0.0
2424,2011-07-22,neg
2425,2011-07-23,neg
2426,2011-07-24,0.0
2427,2011-07-25,0.0
2428,2011-07-26,0.0
2429,2011-07-27,0.0
2430,2011-07-28,0.0
2431,2011-07-29,pos
2432,2011-07-30,pos
2433,2011-07-31,neg
2434,2011-08-01,0.0
2435,2011-08-02,0.0
2436,2011-08-03,neg
2437,2011-08-04,neg
2438,2011-08-05,neg
2439,2011-08-06,neg
2440,2011-08-07,0.0
2441,2011-08-08,neg
2442,2011-08-09,pos
2443,2011-08-10,pos
2444,2011-08-11,neg
2445,2011-08-12,neg
2446,2011-08-13,neg
2447,2011-08-14,neg
2448,2011-08-15,neg
2449,2011-08-16,neg
2450,2011-08-17,neg
2451,2011-08-18,neg
2452,2011-08-19,neg
2453,2011-08-20,neg
2454,2011-08-21,neg
2455,2011-08-22,neg
2456,2011-08-23,neg
2457,2011-08-24,0.0
2458,2011-08-25,0.0
2459,2011-08-26,0.0
2460,2011-08-27,0.0
2461,2011-08-28,0.0
2462,2011-08-29,neg
2463,2011-08-30,neg
2464,2011-08-31,0.0
2465,2011-09-01,0.0
2466,2011-09-02,0.0
2467,2011-09-03,pos
2468,2011-09-04,pos
2469,2011-09-05,0.0
2470,2011-09-06,neg
2471,2011-09-07,neg
2472,2011-09-08,pos
2473,2011-09-09,neg
2474,2011-09-10,neg
2475,2011-09-11,0.0
2476,2011-09-12,pos
2477,2011-09-13,pos
2478,2011-09-14,pos
2479,2011-09-15,pos
2480,2011-09-16,pos
2481,2011-09-17,pos
2482,2011-09-18,pos
2483,2011-09-19,pos
2484,2011-09-20,pos
2485,2011-09-21,pos
2486,2011-09-22,pos
2487,2011-09-23,neg
2488,2011-09-24,neg
2489,2011-09-25,neg
2490,2011-09-26,neg
2491,2011-09-27,neg
2492,2011-09-28,0.0
2493,2011-09-29,0.0
2494,2011-09-30,pos
2495,2011-10-01,pos
2496,2011-10-02,pos
2497,2011-10-03,pos
2498,2011-10-04,neg
2499,2011-10-05,neg
2500,2011-10-06,neg
2501,2011-10-07,0.0
2502,2011-10-08,pos
2503,2011-10-09,neg
2504,2011-10-10,0.0
2505,2011-10-11,neg
2506,2011-10-12,neg
2507,2011-10-13,neg
2508,2011-10-14,neg
2509,2011-10-15,neg
2510,2011-10-16,neg
2511,2011-10-17,neg
2512,2011-10-18,pos
2513,2011-10-19,pos
2514,2011-10-20,pos
2515,2011-10-21,neg
2516,2011-10-22,neg
2517,2011-10-23,neg
2518,2011-10-24,pos
2519,2011-10-25,pos
2520,2011-10-26,0.0
2521,2011-10-27,neg
2522,2011-10-28,neg
2523,2011-10-29,neg
2524,2011-10-30,neg
2525,2011-10-31,neg
2526,2011-11-01,neg
2527,2011-11-02,neg
2528,2011-11-03,neg
2529,2011-11-04,0.0
2530,2011-11-05,pos
2531,2011-11-06,0.0
2532,2011-11-07,pos
2533,2011-11-08,pos
2534,2011-11-09,pos
2535,2011-11-10,pos
2536,2011-11-11,pos
2537,2011-11-12,pos
2538,2011-11-13,pos
2539,2011-11-14,pos
2540,2011-11-15,pos
2541,2011-11-16,pos
2542,2011-11-17,pos
2543,2011-11-18,neg
2544,2011-11-19,0.0
2545,2011-11-20,pos
2546,2011-11-21,pos
2547,2011-11-22,pos
2548,2011-11-23,pos
2549,2011-11-24,pos
2550,2011-11-25,pos
2551,2011-11-26,pos
2552,2011-11-27,pos
2553,2011-11-28,pos
2554,2011-11-29,pos
2555,2011-11-30,pos
2556,2011-12-01,0.0
2557,2011-12-02,0.0
2558,2011-12-03,0.0
2559,2011-12-04,0.0
2560,2011-12-05,0.0
2561,2011-12-06,pos
2562,2011-12-07,pos
2563,2011-12-08,0.0
2564,2011-12-09,neg
2565,2011-12-10,neg
2566,2011-12-11,neg
2567,2011-12-12,pos
2568,2011-12-13,pos
2569,2011-12-14,0.0
2570,2011-12-15,pos
2571,2011-12-16,neg
2572,2011-12-17,neg
2573,2011-12-18,neg
2574,2011-12-19,0.0
2575,2011-12-20,pos
2576,2011-12-21,pos
2577,2011-12-22,0.0
2578,2011-12-23,neg
2579,2011-12-24,0.0
2580,2011-12-25,0.0
2581,2011-12-26,0.0
2582,2011-12-27,0.0
2583,2011-12-28,pos
2584,2011-12-29,pos
2585,2011-12-30,pos
2586,2011-12-31,pos
2587,2012-01-01,pos
2588,2012-01-02,0.0
2589,2012-01-03,0.0
2590,2012-01-04,neg
2591,2012-01-05,0.0
2592,2012-01-06,neg
2593,2012-01-07,neg
2594,2012-01-08,neg
2595,2012-01-09,0.0
2596,2012-01-10,pos
2597,2012-01-11,pos
2598,2012-01-12,neg
2599,2012-01-13,neg
2600,2012-01-14,0.0
2601,2012-01-15,neg
2602,2012-01-16,pos
2603,2012-01-17,pos
2604,2012-01-18,pos
2605,2012-01-19,pos
2606,2012-01-20,neg
2607,2012-01-21,neg
2608,2012-01-22,pos
2609,2012-01-23,pos
2610,2012-01-24,pos
2611,2012-01-25,neg
2612,2012-01-26,0.0
2613,2012-01-27,0.0
2614,2012-01-28,neg
2615,2012-01-29,neg
2616,2012-01-30,neg
2617,2012-01-31,neg
2618,2012-02-01,neg
2619,2012-02-02,0.0
2620,2012-02-03,0.0
2621,2012-02-04,pos
2622,2012-02-05,0.0
2623,2012-02-06,neg
2624,2012-02-07,pos
2625,2012-02-08,pos
2626,2012-02-09,0.0
2627,2012-02-10,neg
2628,2012-02-11,neg
2629,2012-02-12,0.0
2630,2012-02-13,0.0
2631,2012-02-14,0.0
2632,2012-02-15,0.0
2633,2012-02-16,neg
2634,2012-02-17,neg
2635,2012-02-18,neg
2636,2012-02-19,neg
2637,2012-02-20,neg
2638,2012-02-21,neg
2639,2012-02-22,neg
2640,2012-02-23,neg
2641,2012-02-24,neg
2642,2012-02-25,pos
2643,2012-02-26,neg
2644,2012-02-27,neg
2645,2012-02-28,neg
2646,2012-02-29,0.0
2647,2012-03-01,neg
2648,2012-03-02,neg
2649,2012-03-03,neg
2650,2012-03-04,0.0
2651,2012-03-05,neg
2652,2012-03-06,0.0
2653,2012-03-07,neg
2654,2012-03-08,pos
2655,2012-03-09,neg
2656,2012-03-10,neg
2657,2012-03-11,0.0
2658,2012-03-12,0.0
2659,2012-03-13,0.0
2660,2012-03-14,0.0
2661,2012-03-15,0.0
2662,2012-03-16,0.0
2663,2012-03-17,0.0
2664,2012-03-18,0.0
2665,2012-03-19,0.0
2666,2012-03-20,0.0
2667,2012-03-21,0.0
2668,2012-03-22,neg
2669,2012-03-23,0.0
2670,2012-03-24,0.0
2671,2012-03-25,0.0
2672,2012-03-26,0.0
2673,2012-03-27,0.0
2674,2012-03-28,neg
2675,2012-03-29,neg
2676,2012-03-30,neg
2677,2012-03-31,neg
2678,2012-04-01,neg
2679,2012-04-02,neg
2680,2012-04-03,neg
2681,2012-04-04,neg
2682,2012-04-05,0.0
2683,2012-04-06,pos
2684,2012-04-07,pos
2685,2012-04-08,pos
2686,2012-04-09,0.0
2687,2012-04-10,neg
2688,2012-04-11,neg
2689,2012-04-12,neg
2690,2012-04-13,neg
2691,2012-04-14,neg
2692,2012-04-15,neg
2693,2012-04-16,neg
2694,2012-04-17,neg
2695,2012-04-18,neg
2696,2012-04-19,neg
2697,2012-04-20,0.0
2698,2012-04-21,0.0
2699,2012-04-22,0.0
2700,2012-04-23,0.0
2701,2012-04-24,pos
2702,2012-04-25,pos
2703,2012-04-26,pos
2704,2012-04-27,pos
2705,2012-04-28,pos
2706,2012-04-29,pos
2707,2012-04-30,pos
2708,2012-05-01,pos
2709,2012-05-02,pos
2710,2012-05-03,pos
2711,2012-05-04,0.0
2712,2012-05-05,pos
2713,2012-05-06,0.0
2714,2012-05-07,neg
2715,2012-05-08,pos
2716,2012-05-09,pos
2717,2012-05-10,pos
2718,2012-05-11,pos
2719,2012-05-12,pos
2720,2012-05-13,pos
2721,2012-05-14,pos
2722,2012-05-15,pos
2723,2012-05-16,pos
2724,2012-05-17,pos
2725,2012-05-18,pos
2726,2012-05-19,pos
2727,2012-05-20,pos
2728,2012-05-21,pos
2729,2012-05-22,pos
2730,2012-05-23,pos
2731,2012-05-24,pos
2732,2012-05-25,0.0
2733,2012-05-26,0.0
2734,2012-05-27,0.0
2735,2012-05-28,0.0
2736,2012-05-29,0.0
2737,2012-05-30,0.0
2738,2012-05-31,pos
2739,2012-06-01,neg
2740,2012-06-02,0.0
2741,2012-06-03,0.0
2742,2012-06-04,pos
2743,2012-06-05,pos
2744,2012-06-06,pos
2745,2012-06-07,pos
2746,2012-06-08,neg
2747,2012-06-09,neg
2748,2012-06-10,0.0
2749,2012-06-11,pos
2750,2012-06-12,pos
2751,2012-06-13,pos
2752,2012-06-14,0.0
2753,2012-06-15,0.0
2754,2012-06-16,0.0
2755,2012-06-17,0.0
2756,2012-06-18,0.0
2757,2012-06-19,neg
2758,2012-06-20,0.0
2759,2012-06-21,0.0
2760,2012-06-22,0.0
2761,2012-06-23,0.0
2762,2012-06-24,0.0
2763,2012-06-25,neg
2764,2012-06-26,neg
2765,2012-06-27,neg
2766,2012-06-28,neg
2767,2012-06-29,0.0
2768,2012-06-30,0.0
2769,2012-07-01,neg
2770,2012-07-02,0.0
2771,2012-07-03,0.0
2772,2012-07-04,0.0
2773,2012-07-05,neg
2774,2012-07-06,neg
2775,2012-07-07,neg
2776,2012-07-08,neg
2777,2012-07-09,neg
2778,2012-07-10,pos
2779,2012-07-11,neg
2780,2012-07-12,neg
2781,2012-07-13,neg
2782,2012-07-14,neg
2783,2012-07-15,neg
2784,2012-07-16,neg
2785,2012-07-17,neg
2786,2012-07-18,neg
2787,2012-07-19,neg
2788,2012-07-20,neg
2789,2012-07-21,neg
2790,2012-07-22,neg
2791,2012-07-23,neg
2792,2012-07-24,neg
2793,2012-07-25,neg
2794,2012-07-26,neg
2795,2012-07-27,neg
2796,2012-07-28,neg
2797,2012-07-29,neg
2798,2012-07-30,neg
2799,2012-07-31,neg
2800,2012-08-01,neg
2801,2012-08-02,neg
2802,2012-08-03,neg
2803,2012-08-04,neg
2804,2012-08-05,neg
2805,2012-08-06,neg
2806,2012-08-07,neg
2807,2012-08-08,neg
2808,2012-08-09,neg
2809,2012-08-10,neg
2810,2012-08-11,neg
2811,2012-08-12,neg
2812,2012-08-13,neg
2813,2012-08-14,0.0
2814,2012-08-15,0.0
2815,2012-08-16,neg
2816,2012-08-17,neg
2817,2012-08-18,neg
2818,2012-08-19,neg
2819,2012-08-20,neg
2820,2012-08-21,0.0
2821,2012-08-22,0.0
2822,2012-08-23,0.0
2823,2012-08-24,0.0
2824,2012-08-25,neg
2825,2012-08-26,0.0
2826,2012-08-27,neg
2827,2012-08-28,0.0
2828,2012-08-29,0.0
2829,2012-08-30,0.0
2830,2012-08-31,neg
2831,2012-09-01,pos
2832,2012-09-02,pos
2833,2012-09-03,0.0
2834,2012-09-04,pos
2835,2012-09-05,0.0
2836,2012-09-06,pos
2837,2012-09-07,pos
2838,2012-09-08,pos
2839,2012-09-09,pos
2840,2012-09-10,0.0
2841,2012-09-11,0.0
2842,2012-09-12,0.0
2843,2012-09-13,0.0
2844,2012-09-14,neg
2845,2012-09-15,neg
2846,2012-09-16,neg
2847,2012-09-17,0.0
2848,2012-09-18,0.0
2849,2012-09-19,0.0
2850,2012-09-20,pos
2851,2012-09-21,0.0
2852,2012-09-22,0.0
2853,2012-09-23,0.0
2854,2012-09-24,0.0
2855,2012-09-25,neg
2856,2012-09-26,neg
2857,2012-09-27,0.0
2858,2012-09-28,pos
2859,2012-09-29,pos
2860,2012-09-30,pos
2861,2012-10-01,0.0
2862,2012-10-02,neg
2863,2012-10-03,neg
2864,2012-10-04,pos
2865,2012-10-05,neg
2866,2012-10-06,0.0
2867,2012-10-07,0.0
2868,2012-10-08,neg
2869,2012-10-09,neg
2870,2012-10-10,pos
2871,2012-10-11,neg
2872,2012-10-12,neg
2873,2012-10-13,neg
2874,2012-10-14,neg
2875,2012-10-15,neg
2876,2012-10-16,neg
2877,2012-10-17,neg
2878,2012-10-18,neg
2879,2012-10-19,neg
2880,2012-10-20,neg
2881,2012-10-21,neg
2882,2012-10-22,neg
2883,2012-10-23,neg
2884,2012-10-24,neg
2885,2012-10-25,neg
2886,2012-10-26,neg
2887,2012-10-27,neg
2888,2012-10-28,neg
2889,2012-10-29,neg
2890,2012-10-30,neg
2891,2012-10-31,neg
2892,2012-11-01,neg
2893,2012-11-02,neg
2894,2012-11-03,neg
2895,2012-11-04,neg
2896,2012-11-05,neg
2897,2012-11-06,neg
2898,2012-11-07,neg
2899,2012-11-08,neg
2900,2012-11-09,neg
2901,2012-11-10,neg
2902,2012-11-11,0.0
2903,2012-11-12,pos
2904,2012-11-13,pos
2905,2012-11-14,pos
2906,2012-11-15,pos
2907,2012-11-16,0.0
2908,2012-11-17,0.0
2909,2012-11-18,0.0
2910,2012-11-19,0.0
2911,2012-11-20,pos
2912,2012-11-21,pos
2913,2012-11-22,pos
2914,2012-11-23,pos
2915,2012-11-24,pos
2916,2012-11-25,0.0
2917,2012-11-26,pos
2918,2012-11-27,pos
2919,2012-11-28,pos
2920,2012-11-29,pos
2921,2012-11-30,pos
2922,2012-12-01,pos
2923,2012-12-02,pos
2924,2012-12-03,0.0
2925,2012-12-04,pos
2926,2012-12-05,neg
2927,2012-12-06,0.0
2928,2012-12-07,0.0
2929,2012-12-08,0.0
2930,2012-12-09,pos
2931,2012-12-10,0.0
2932,2012-12-11,0.0
2933,2012-12-12,0.0
2934,2012-12-13,neg
2935,2012-12-14,neg
2936,2012-12-15,neg
2937,2012-12-16,neg
2938,2012-12-17,0.0
2939,2012-12-18,0.0
2940,2012-12-19,0.0
2941,2012-12-20,0.0
2942,2012-12-21,neg
2943,2012-12-22,neg
2944,2012-12-23,neg
2945,2012-12-24,pos
2946,2012-12-25,pos
2947,2012-12-26,0.0
2948,2012-12-27,0.0
2949,2012-12-28,0.0
2950,2012-12-29,0.0
2951,2012-12-30,neg
2952,2012-12-31,0.0
2953,2013-01-01,0.0
2954,2013-01-02,0.0
2955,2013-01-03,pos
2956,2013-01-04,neg
2957,2013-01-05,pos
2958,2013-01-06,pos
2959,2013-01-07,0.0
2960,2013-01-08,0.0
2961,2013-01-09,pos
2962,2013-01-10,pos
2963,2013-01-11,pos
2964,2013-01-12,pos
2965,2013-01-13,pos
2966,2013-01-14,0.0
2967,2013-01-15,pos
2968,2013-01-16,0.0
2969,2013-01-17,0.0
2970,2013-01-18,0.0
2971,2013-01-19,0.0
2972,2013-01-20,0.0
2973,2013-01-21,pos
2974,2013-01-22,0.0
2975,2013-01-23,0.0
2976,2013-01-24,neg
2977,2013-01-25,neg
2978,2013-01-26,0.0
2979,2013-01-27,0.0
2980,2013-01-28,0.0
2981,2013-01-29,0.0
2982,2013-01-30,0.0
2983,2013-01-31,neg
2984,2013-02-01,neg
2985,2013-02-02,neg
2986,2013-02-03,neg
2987,2013-02-04,neg
2988,2013-02-05,neg
2989,2013-02-06,neg
2990,2013-02-07,neg
2991,2013-02-08,neg
2992,2013-02-09,neg
2993,2013-02-10,neg
2994,2013-02-11,neg
2995,2013-02-12,neg
2996,2013-02-13,neg
2997,2013-02-14,0.0
2998,2013-02-15,neg
2999,2013-02-16,0.0
3000,2013-02-17,0.0
3001,2013-02-18,neg
3002,2013-02-19,0.0
3003,2013-02-20,0.0
3004,2013-02-21,0.0
3005,2013-02-22,0.0
3006,2013-02-23,0.0
3007,2013-02-24,0.0
3008,2013-02-25,pos
3009,2013-02-26,0.0
3010,2013-02-27,0.0
3011,2013-02-28,pos
3012,2013-03-01,pos
3013,2013-03-02,pos
3014,2013-03-03,0.0
3015,2013-03-04,pos
3016,2013-03-05,neg
3017,2013-03-06,neg
3018,2013-03-07,pos
3019,2013-03-08,pos
3020,2013-03-09,pos
3021,2013-03-10,pos
3022,2013-03-11,pos
3023,2013-03-12,pos
3024,2013-03-13,0.0
3025,2013-03-14,0.0
3026,2013-03-15,neg
3027,2013-03-16,neg
3028,2013-03-17,neg
3029,2013-03-18,neg
3030,2013-03-19,neg
3031,2013-03-20,neg
3032,2013-03-21,0.0
3033,2013-03-22,neg
3034,2013-03-23,neg
3035,2013-03-24,neg
3036,2013-03-25,neg
3037,2013-03-26,neg
3038,2013-03-27,neg
3039,2013-03-28,neg
3040,2013-03-29,0.0
3041,2013-03-30,0.0
3042,2013-03-31,neg
3043,2013-04-01,neg
3044,2013-04-02,neg
3045,2013-04-03,neg
3046,2013-04-04,neg
3047,2013-04-05,0.0
3048,2013-04-06,0.0
3049,2013-04-07,neg
3050,2013-04-08,neg
3051,2013-04-09,0.0
3052,2013-04-10,0.0
3053,2013-04-11,neg
3054,2013-04-12,neg
3055,2013-04-13,neg
3056,2013-04-14,neg
3057,2013-04-15,0.0
3058,2013-04-16,0.0
3059,2013-04-17,0.0
3060,2013-04-18,0.0
3061,2013-04-19,pos
3062,2013-04-20,pos
3063,2013-04-21,pos
3064,2013-04-22,pos
3065,2013-04-23,pos
3066,2013-04-24,pos
3067,2013-04-25,pos
3068,2013-04-26,pos
3069,2013-04-27,pos
3070,2013-04-28,pos
3071,2013-04-29,pos
3072,2013-04-30,pos
3073,2013-05-01,pos
3074,2013-05-02,pos
3075,2013-05-03,pos
3076,2013-05-04,pos
3077,2013-05-05,pos
3078,2013-05-06,pos
3079,2013-05-07,pos
3080,2013-05-08,pos
3081,2013-05-09,neg
3082,2013-05-10,neg
3083,2013-05-11,neg
3084,2013-05-12,neg
3085,2013-05-13,neg
3086,2013-05-14,neg
3087,2013-05-15,neg
3088,2013-05-16,neg
3089,2013-05-17,neg
3090,2013-05-18,neg
3091,2013-05-19,neg
3092,2013-05-20,neg
3093,2013-05-21,neg
3094,2013-05-22,neg
3095,2013-05-23,neg
3096,2013-05-24,neg
3097,2013-05-25,neg
3098,2013-05-26,neg
3099,2013-05-27,neg
3100,2013-05-28,neg
3101,2013-05-29,neg
3102,2013-05-30,neg
3103,2013-05-31,neg
3104,2013-06-01,neg
3105,2013-06-02,neg
3106,2013-06-03,neg
3107,2013-06-04,neg
3108,2013-06-05,neg
3109,2013-06-06,neg
3110,2013-06-07,neg
3111,2013-06-08,neg
3112,2013-06-09,neg
3113,2013-06-10,neg
3114,2013-06-11,neg
3115,2013-06-12,neg
3116,2013-06-13,neg
3117,2013-06-14,neg
3118,2013-06-15,neg
3119,2013-06-16,neg
3120,2013-06-17,neg
3121,2013-06-18,neg
3122,2013-06-19,neg
3123,2013-06-20,neg
3124,2013-06-21,neg
3125,2013-06-22,neg
3126,2013-06-23,neg
3127,2013-06-24,neg
3128,2013-06-25,neg
3129,2013-06-26,neg
3130,2013-06-27,0.0
3131,2013-06-28,0.0
3132,2013-06-29,pos
3133,2013-06-30,pos
3134,2013-07-01,neg
3135,2013-07-02,neg
3136,2013-07-03,neg
3137,2013-07-04,neg
3138,2013-07-05,neg
3139,2013-07-06,neg
3140,2013-07-07,neg
3141,2013-07-08,neg
3142,2013-07-09,neg
3143,2013-07-10,neg
3144,2013-07-11,neg
3145,2013-07-12,neg
3146,2013-07-13,neg
3147,2013-07-14,neg
3148,2013-07-15,neg
3149,2013-07-16,neg
3150,2013-07-17,neg
3151,2013-07-18,neg
3152,2013-07-19,0.0
3153,2013-07-20,0.0
3154,2013-07-21,0.0
3155,2013-07-22,0.0
3156,2013-07-23,neg
3157,2013-07-24,0.0
3158,2013-07-25,pos
3159,2013-07-26,pos
3160,2013-07-27,pos
3161,2013-07-28,0.0
3162,2013-07-29,pos
3163,2013-07-30,pos
3164,2013-07-31,pos
3165,2013-08-01,pos
3166,2013-08-02,0.0
3167,2013-08-03,pos
3168,2013-08-04,pos
3169,2013-08-05,pos
3170,2013-08-06,pos
3171,2013-08-07,pos
3172,2013-08-08,pos
3173,2013-08-09,pos
3174,2013-08-10,pos
3175,2013-08-11,pos
3176,2013-08-12,pos
3177,2013-08-13,pos
3178,2013-08-14,pos
3179,2013-08-15,pos
3180,2013-08-16,pos
3181,2013-08-17,pos
3182,2013-08-18,pos
3183,2013-08-19,pos
3184,2013-08-20,pos
3185,2013-08-21,pos
3186,2013-08-22,pos
3187,2013-08-23,pos
3188,2013-08-24,pos
3189,2013-08-25,0.0
3190,2013-08-26,0.0
3191,2013-08-27,0.0
3192,2013-08-28,0.0
3193,2013-08-29,neg
3194,2013-08-30,0.0
3195,2013-08-31,neg
3196,2013-09-01,neg
3197,2013-09-02,pos
3198,2013-09-03,pos
3199,2013-09-04,pos
3200,2013-09-05,pos
3201,2013-09-06,0.0
3202,2013-09-07,pos
3203,2013-09-08,pos
3204,2013-09-09,pos
3205,2013-09-10,pos
3206,2013-09-11,0.0
3207,2013-09-12,0.0
3208,2013-09-13,0.0
3209,2013-09-14,0.0
3210,2013-09-15,0.0
3211,2013-09-16,0.0
3212,2013-09-17,0.0
3213,2013-09-18,0.0
3214,2013-09-19,0.0
3215,2013-09-20,0.0
3216,2013-09-21,0.0
3217,2013-09-22,0.0
3218,2013-09-23,0.0
3219,2013-09-24,0.0
3220,2013-09-25,0.0
3221,2013-09-26,0.0
3222,2013-09-27,0.0
3223,2013-09-28,0.0
3224,2013-09-29,0.0
3225,2013-09-30,neg
3226,2013-10-01,neg
3227,2013-10-02,neg
3228,2013-10-03,neg
3229,2013-10-04,neg
3230,2013-10-05,neg
3231,2013-10-06,neg
3232,2013-10-07,0.0
3233,2013-10-08,neg
3234,2013-10-09,neg
3235,2013-10-10,neg
3236,2013-10-11,neg
3237,2013-10-12,0.0
3238,2013-10-13,neg
3239,2013-10-14,neg
3240,2013-10-15,neg
3241,2013-10-16,neg
3242,2013-10-17,neg
3243,2013-10-18,0.0
3244,2013-10-19,0.0
3245,2013-10-20,0.0
3246,2013-10-21,neg
3247,2013-10-22,0.0
3248,2013-10-23,0.0
3249,2013-10-24,0.0
3250,2013-10-25,pos
3251,2013-10-26,pos
3252,2013-10-27,pos
3253,2013-10-28,pos
3254,2013-10-29,pos
3255,2013-10-30,pos
3256,2013-10-31,pos
3257,2013-11-01,neg
3258,2013-11-02,neg
3259,2013-11-03,neg
3260,2013-11-04,0.0
3261,2013-11-05,pos
3262,2013-11-06,pos
3263,2013-11-07,0.0
3264,2013-11-08,pos
3265,2013-11-09,pos
3266,2013-11-10,pos
3267,2013-11-11,pos
3268,2013-11-12,pos
3269,2013-11-13,pos
3270,2013-11-14,pos
3271,2013-11-15,pos
3272,2013-11-16,pos
3273,2013-11-17,pos
3274,2013-11-18,0.0
3275,2013-11-19,0.0
3276,2013-11-20,0.0
3277,2013-11-21,pos
3278,2013-11-22,0.0
3279,2013-11-23,0.0
3280,2013-11-24,0.0
3281,2013-11-25,neg
3282,2013-11-26,neg
3283,2013-11-27,neg
3284,2013-11-28,neg
3285,2013-11-29,neg
3286,2013-11-30,neg
3287,2013-12-01,neg
3288,2013-12-02,pos
3289,2013-12-03,pos
3290,2013-12-04,0.0
3291,2013-12-05,pos
3292,2013-12-06,neg
3293,2013-12-07,0.0
3294,2013-12-08,neg
3295,2013-12-09,0.0
3296,2013-12-10,0.0
3297,2013-12-11,neg
3298,2013-12-12,neg
3299,2013-12-13,neg
3300,2013-12-14,neg
3301,2013-12-15,neg
3302,2013-12-16,neg
3303,2013-12-17,neg
3304,2013-12-18,neg
3305,2013-12-19,0.0
3306,2013-12-20,pos
3307,2013-12-21,pos
3308,2013-12-22,pos
3309,2013-12-23,pos
3310,2013-12-24,pos
3311,2013-12-25,pos
3312,2013-12-26,pos
3313,2013-12-27,pos
3314,2013-12-28,pos
3315,2013-12-29,pos
3316,2013-12-30,pos
3317,2013-12-31,pos
3318,2014-01-01,pos
3319,2014-01-02,pos
3320,2014-01-03,pos
3321,2014-01-04,pos
3322,2014-01-05,pos
3323,2014-01-06,neg
3324,2014-01-07,pos
3325,2014-01-08,0.0
3326,2014-01-09,neg
3327,2014-01-10,0.0
3328,2014-01-11,pos
3329,2014-01-12,pos
3330,2014-01-13,0.0
3331,2014-01-14,0.0
3332,2014-01-15,0.0
3333,2014-01-16,0.0
3334,2014-01-17,0.0
3335,2014-01-18,0.0
3336,2014-01-19,neg
3337,2014-01-20,neg
3338,2014-01-21,neg
3339,2014-01-22,neg
3340,2014-01-23,neg
3341,2014-01-24,neg
3342,2014-01-25,neg
3343,2014-01-26,neg
3344,2014-01-27,pos
3345,2014-01-28,pos
3346,2014-01-29,pos
3347,2014-01-30,0.0
3348,2014-01-31,neg
3349,2014-02-01,neg
3350,2014-02-02,pos
3351,2014-02-03,neg
3352,2014-02-04,neg
3353,2014-02-05,neg
3354,2014-02-06,pos
3355,2014-02-07,neg
3356,2014-02-08,0.0
3357,2014-02-09,0.0
3358,2014-02-10,neg
3359,2014-02-11,neg
3360,2014-02-12,neg
3361,2014-02-13,0.0
3362,2014-02-14,0.0
3363,2014-02-15,0.0
3364,2014-02-16,0.0
3365,2014-02-17,0.0
3366,2014-02-18,0.0
3367,2014-02-19,0.0
3368,2014-02-20,0.0
3369,2014-02-21,0.0
3370,2014-02-22,neg
3371,2014-02-23,neg
3372,2014-02-24,neg
3373,2014-02-25,neg
3374,2014-02-26,neg
3375,2014-02-27,neg
3376,2014-02-28,neg
3377,2014-03-01,neg
3378,2014-03-02,neg
3379,2014-03-03,neg
3380,2014-03-04,neg
3381,2014-03-05,neg
3382,2014-03-06,pos
3383,2014-03-07,pos
3384,2014-03-08,pos
3385,2014-03-09,0.0
3386,2014-03-10,neg
3387,2014-03-11,neg
3388,2014-03-12,neg
3389,2014-03-13,neg
3390,2014-03-14,neg
3391,2014-03-15,neg
3392,2014-03-16,neg
3393,2014-03-17,neg
3394,2014-03-18,neg
3395,2014-03-19,neg
3396,2014-03-20,neg
3397,2014-03-21,neg
3398,2014-03-22,neg
3399,2014-03-23,neg
3400,2014-03-24,neg
3401,2014-03-25,neg
3402,2014-03-26,neg
3403,2014-03-27,neg
3404,2014-03-28,neg
3405,2014-03-29,pos
3406,2014-03-30,0.0
3407,2014-03-31,0.0
3408,2014-04-01,neg
3409,2014-04-02,neg
3410,2014-04-03,neg
3411,2014-04-04,neg
3412,2014-04-05,neg
3413,2014-04-06,neg
3414,2014-04-07,0.0
3415,2014-04-08,pos
3416,2014-04-09,pos
3417,2014-04-10,0.0
3418,2014-04-11,0.0
3419,2014-04-12,0.0
3420,2014-04-13,0.0
3421,2014-04-14,pos
3422,2014-04-15,pos
3423,2014-04-16,pos
3424,2014-04-17,0.0
3425,2014-04-18,pos
3426,2014-04-19,pos
3427,2014-04-20,pos
3428,2014-04-21,pos
3429,2014-04-22,pos
3430,2014-04-23,pos
3431,2014-04-24,pos
3432,2014-04-25,pos
3433,2014-04-26,pos
3434,2014-04-27,pos
3435,2014-04-28,pos
3436,2014-04-29,pos
3437,2014-04-30,pos
3438,2014-05-01,pos
3439,2014-05-02,pos
3440,2014-05-03,pos
3441,2014-05-04,pos
3442,2014-05-05,pos
3443,2014-05-06,pos
3444,2014-05-07,0.0
3445,2014-05-08,0.0
3446,2014-05-09,neg
3447,2014-05-10,neg
3448,2014-05-11,0.0
3449,2014-05-12,pos
3450,2014-05-13,pos
3451,2014-05-14,pos
3452,2014-05-15,pos
3453,2014-05-16,pos
3454,2014-05-17,pos
3455,2014-05-18,pos
3456,2014-05-19,pos
3457,2014-05-20,pos
3458,2014-05-21,pos
3459,2014-05-22,0.0
3460,2014-05-23,neg
3461,2014-05-24,0.0
3462,2014-05-25,0.0
3463,2014-05-26,neg
3464,2014-05-27,neg
3465,2014-05-28,neg
3466,2014-05-29,0.0
3467,2014-05-30,0.0
3468,2014-05-31,neg
3469,2014-06-01,neg
3470,2014-06-02,neg
3471,2014-06-03,neg
3472,2014-06-04,neg
3473,2014-06-05,neg
3474,2014-06-06,neg
3475,2014-06-07,0.0
3476,2014-06-08,neg
3477,2014-06-09,0.0
3478,2014-06-10,pos
3479,2014-06-11,pos
3480,2014-06-12,neg
3481,2014-06-13,neg
3482,2014-06-14,neg
3483,2014-06-15,neg
3484,2014-06-16,neg
3485,2014-06-17,neg
3486,2014-06-18,neg
3487,2014-06-19,neg
3488,2014-06-20,neg
3489,2014-06-21,neg
3490,2014-06-22,neg
3491,2014-06-23,neg
3492,2014-06-24,neg
3493,2014-06-25,0.0
3494,2014-06-26,0.0
3495,2014-06-27,0.0
3496,2014-06-28,0.0
3497,2014-06-29,neg
3498,2014-06-30,0.0
3499,2014-07-01,neg
3500,2014-07-02,neg
3501,2014-07-03,0.0
3502,2014-07-04,0.0
3503,2014-07-05,0.0
3504,2014-07-06,0.0
3505,2014-07-07,0.0
3506,2014-07-08,0.0
3507,2014-07-09,pos
3508,2014-07-10,0.0
3509,2014-07-11,neg
3510,2014-07-12,neg
3511,2014-07-13,0.0
3512,2014-07-14,0.0
3513,2014-07-15,0.0
3514,2014-07-16,0.0
3515,2014-07-17,pos
3516,2014-07-18,pos
3517,2014-07-19,0.0
3518,2014-07-20,0.0
3519,2014-07-21,0.0
3520,2014-07-22,0.0
3521,2014-07-23,pos
3522,2014-07-24,pos
3523,2014-07-25,pos
3524,2014-07-26,0.0
3525,2014-07-27,0.0
3526,2014-07-28,pos
3527,2014-07-29,pos
3528,2014-07-30,pos
3529,2014-07-31,0.0
3530,2014-08-01,0.0
3531,2014-08-02,0.0
3532,2014-08-03,0.0
3533,2014-08-04,0.0
3534,2014-08-05,0.0
3535,2014-08-06,pos
3536,2014-08-07,pos
3537,2014-08-08,pos
3538,2014-08-09,neg
3539,2014-08-10,pos
3540,2014-08-11,0.0
3541,2014-08-12,pos
3542,2014-08-13,pos
3543,2014-08-14,neg
3544,2014-08-15,neg
3545,2014-08-16,neg
3546,2014-08-17,neg
3547,2014-08-18,neg
3548,2014-08-19,neg
3549,2014-08-20,neg
3550,2014-08-21,neg
3551,2014-08-22,neg
3552,2014-08-23,neg
3553,2014-08-24,neg
3554,2014-08-25,neg
3555,2014-08-26,neg
3556,2014-08-27,neg
3557,2014-08-28,neg
3558,2014-08-29,neg
3559,2014-08-30,neg
3560,2014-08-31,neg
3561,2014-09-01,neg
3562,2014-09-02,neg
3563,2014-09-03,neg
3564,2014-09-04,neg
3565,2014-09-05,neg
3566,2014-09-06,neg
3567,2014-09-07,neg
3568,2014-09-08,neg
3569,2014-09-09,neg
3570,2014-09-10,neg
3571,2014-09-11,neg
3572,2014-09-12,neg
3573,2014-09-13,neg
3574,2014-09-14,neg
3575,2014-09-15,neg
3576,2014-09-16,neg
3577,2014-09-17,neg
3578,2014-09-18,neg
3579,2014-09-19,neg
3580,2014-09-20,0.0
3581,2014-09-21,0.0
3582,2014-09-22,0.0
3583,2014-09-23,0.0
3584,2014-09-24,pos
3585,2014-09-25,0.0
3586,2014-09-26,0.0
3587,2014-09-27,0.0
3588,2014-09-28,0.0
3589,2014-09-29,0.0
3590,2014-09-30,0.0
3591,2014-10-01,0.0
3592,2014-10-02,0.0
3593,2014-10-03,0.0
3594,2014-10-04,neg
3595,2014-10-05,neg
3596,2014-10-06,neg
3597,2014-10-07,neg
3598,2014-10-08,neg
3599,2014-10-09,neg
3600,2014-10-10,neg
3601,2014-10-11,neg
3602,2014-10-12,0.0
3603,2014-10-13,0.0
3604,2014-10-14,0.0
3605,2014-10-15,neg
3606,2014-10-16,neg
3607,2014-10-17,neg
3608,2014-10-18,neg
3609,2014-10-19,neg
3610,2014-10-20,neg
3611,2014-10-21,neg
3612,2014-10-22,neg
3613,2014-10-23,neg
3614,2014-10-24,neg
3615,2014-10-25,neg
3616,2014-10-26,neg
3617,2014-10-27,neg
3618,2014-10-28,neg
3619,2014-10-29,neg
3620,2014-10-30,neg
3621,2014-10-31,neg
3622,2014-11-01,neg
3623,2014-11-02,neg
3624,2014-11-03,neg
3625,2014-11-04,neg
3626,2014-11-05,neg
3627,2014-11-06,neg
3628,2014-11-07,neg
3629,2014-11-08,neg
3630,2014-11-09,neg
3631,2014-11-10,neg
3632,2014-11-11,neg
3633,2014-11-12,neg
3634,2014-11-13,neg
3635,2014-11-14,neg
3636,2014-11-15,neg
3637,2014-11-16,0.0
3638,2014-11-17,0.0
3639,2014-11-18,0.0
3640,2014-11-19,0.0
3641,2014-11-20,0.0
3642,2014-11-21,0.0
3643,2014-11-22,0.0
3644,2014-11-23,neg
3645,2014-11-24,0.0
3646,2014-11-25,pos
3647,2014-11-26,0.0
3648,2014-11-27,pos
3649,2014-11-28,pos
3650,2014-11-29,pos
3651,2014-11-30,pos
3652,2014-12-01,pos
3653,2014-12-02,pos
3654,2014-12-03,pos
3655,2014-12-04,0.0
3656,2014-12-05,pos
3657,2014-12-06,pos
3658,2014-12-07,0.0
3659,2014-12-08,pos
3660,2014-12-09,pos
3661,2014-12-10,pos
3662,2014-12-11,0.0
3663,2014-12-12,0.0
3664,2014-12-13,0.0
3665,2014-12-14,0.0
3666,2014-12-15,pos
3667,2014-12-16,pos
3668,2014-12-17,0.0
3669,2014-12-18,0.0
3670,2014-12-19,0.0
3671,2014-12-20,0.0
3672,2014-12-21,0.0
3673,2014-12-22,pos
3674,2014-12-23,pos
3675,2014-12-24,pos
3676,2014-12-25,pos
3677,2014-12-26,0.0
3678,2014-12-27,pos
3679,2014-12-28,0.0
3680,2014-12-29,0.0
3681,2014-12-30,pos
3682,2014-12-31,pos
3683,2015-01-01,pos
3684,2015-01-02,pos
3685,2015-01-03,pos
3686,2015-01-04,pos
3687,2015-01-05,pos
3688,2015-01-06,0.0
3689,2015-01-07,pos
3690,2015-01-08,0.0
3691,2015-01-09,neg
3692,2015-01-10,neg
3693,2015-01-11,0.0
3694,2015-01-12,pos
3695,2015-01-13,pos
3696,2015-01-14,pos
3697,2015-01-15,neg
3698,2015-01-16,neg
3699,2015-01-17,0.0
3700,2015-01-18,0.0
3701,2015-01-19,0.0
3702,2015-01-20,0.0
3703,2015-01-21,0.0
3704,2015-01-22,0.0
3705,2015-01-23,0.0
3706,2015-01-24,0.0
3707,2015-01-25,0.0
3708,2015-01-26,0.0
3709,2015-01-27,0.0
3710,2015-01-28,0.0
3711,2015-01-29,0.0
3712,2015-01-30,neg
3713,2015-01-31,neg
3714,2015-02-01,neg
3715,2015-02-02,neg
3716,2015-02-03,neg
3717,2015-02-04,neg
3718,2015-02-05,neg
3719,2015-02-06,pos
3720,2015-02-07,0.0
3721,2015-02-08,0.0
3722,2015-02-09,0.0
3723,2015-02-10,pos
3724,2015-02-11,pos
3725,2015-02-12,neg
3726,2015-02-13,neg
3727,2015-02-14,neg
3728,2015-02-15,neg
3729,2015-02-16,pos
3730,2015-02-17,0.0
3731,2015-02-18,0.0
3732,2015-02-19,0.0
3733,2015-02-20,0.0
3734,2015-02-21,0.0
3735,2015-02-22,neg
3736,2015-02-23,neg
3737,2015-02-24,neg
3738,2015-02-25,neg
3739,2015-02-26,neg
3740,2015-02-27,0.0
3741,2015-02-28,0.0
3742,2015-03-01,0.0
3743,2015-03-02,neg
3744,2015-03-03,neg
3745,2015-03-04,neg
3746,2015-03-05,neg
3747,2015-03-06,neg
3748,2015-03-07,neg
3749,2015-03-08,0.0
3750,2015-03-09,neg
3751,2015-03-10,0.0
3752,2015-03-11,neg
3753,2015-03-12,neg
3754,2015-03-13,neg
3755,2015-03-14,neg
3756,2015-03-15,neg
3757,2015-03-16,neg
3758,2015-03-17,neg
3759,2015-03-18,neg
3760,2015-03-19,neg
3761,2015-03-20,neg
3762,2015-03-21,neg
3763,2015-03-22,neg
3764,2015-03-23,neg
3765,2015-03-24,neg
3766,2015-03-25,neg
3767,2015-03-26,neg
3768,2015-03-27,neg
3769,2015-03-28,neg
3770,2015-03-29,neg
3771,2015-03-30,neg
3772,2015-03-31,neg
3773,2015-04-01,neg
3774,2015-04-02,neg
3775,2015-04-03,neg
3776,2015-04-04,neg
3777,2015-04-05,neg
3778,2015-04-06,neg
3779,2015-04-07,neg
3780,2015-04-08,neg
3781,2015-04-09,neg
3782,2015-04-10,neg
3783,2015-04-11,neg
3784,2015-04-12,0.0
3785,2015-04-13,0.0
3786,2015-04-14,0.0
3787,2015-04-15,0.0
3788,2015-04-16,0.0
3789,2015-04-17,neg
3790,2015-04-18,neg
3791,2015-04-19,neg
3792,2015-04-20,neg
3793,2015-04-21,neg
3794,2015-04-22,neg
3795,2015-04-23,0.0
3796,2015-04-24,0.0
3797,2015-04-25,0.0
3798,2015-04-26,0.0
3799,2015-04-27,0.0
3800,2015-04-28,0.0
3801,2015-04-29,0.0
3802,2015-04-30,0.0
3803,2015-05-01,0.0
3804,2015-05-02,0.0
3805,2015-05-03,pos
3806,2015-05-04,pos
3807,2015-05-05,pos
3808,2015-05-06,pos
3809,2015-05-07,pos
3810,2015-05-08,pos
3811,2015-05-09,0.0
3812,2015-05-10,0.0
3813,2015-05-11,neg
3814,2015-05-12,neg
3815,2015-05-13,0.0
3816,2015-05-14,0.0
3817,2015-05-15,pos
3818,2015-05-16,pos
3819,2015-05-17,pos
3820,2015-05-18,pos
3821,2015-05-19,pos
3822,2015-05-20,pos
3823,2015-05-21,pos
3824,2015-05-22,pos
3825,2015-05-23,pos
3826,2015-05-24,pos
3827,2015-05-25,0.0
3828,2015-05-26,0.0
3829,2015-05-27,0.0
3830,2015-05-28,0.0
3831,2015-05-29,0.0
3832,2015-05-30,0.0
3833,2015-05-31,0.0
3834,2015-06-01,0.0
3835,2015-06-02,neg
3836,2015-06-03,neg
3837,2015-06-04,neg
3838,2015-06-05,neg
3839,2015-06-06,0.0
3840,2015-06-07,0.0
3841,2015-06-08,neg
3842,2015-06-09,0.0
3843,2015-06-10,pos
3844,2015-06-11,neg
3845,2015-06-12,neg
3846,2015-06-13,neg
3847,2015-06-14,neg
3848,2015-06-15,neg
3849,2015-06-16,neg
3850,2015-06-17,neg
3851,2015-06-18,neg
3852,2015-06-19,neg
3853,2015-06-20,neg
3854,2015-06-21,neg
3855,2015-06-22,neg
3856,2015-06-23,neg
3857,2015-06-24,neg
3858,2015-06-25,neg
3859,2015-06-26,neg
3860,2015-06-27,neg
3861,2015-06-28,neg
3862,2015-06-29,neg
3863,2015-06-30,neg
3864,2015-07-01,neg
3865,2015-07-02,neg
3866,2015-07-03,neg
3867,2015-07-04,neg
3868,2015-07-05,neg
3869,2015-07-06,neg
3870,2015-07-07,neg
3871,2015-07-08,neg
3872,2015-07-09,neg
3873,2015-07-10,neg
3874,2015-07-11,neg
3875,2015-07-12,neg
3876,2015-07-13,0.0
3877,2015-07-14,pos
3878,2015-07-15,0.0
3879,2015-07-16,neg
3880,2015-07-17,0.0
3881,2015-07-18,neg
3882,2015-07-19,neg
3883,2015-07-20,neg
3884,2015-07-21,neg
3885,2015-07-22,neg
3886,2015-07-23,neg
3887,2015-07-24,0.0
3888,2015-07-25,neg
3889,2015-07-26,neg
3890,2015-07-27,neg
3891,2015-07-28,neg
3892,2015-07-29,neg
3893,2015-07-30,0.0
3894,2015-07-31,0.0
3895,2015-08-01,pos
3896,2015-08-02,pos
3897,2015-08-03,0.0
3898,2015-08-04,pos
3899,2015-08-05,0.0
3900,2015-08-06,pos
3901,2015-08-07,neg
3902,2015-08-08,pos
3903,2015-08-09,pos
3904,2015-08-10,pos
3905,2015-08-11,pos
3906,2015-08-12,pos
3907,2015-08-13,pos
3908,2015-08-14,0.0
3909,2015-08-15,pos
3910,2015-08-16,pos
3911,2015-08-17,pos
3912,2015-08-18,pos
3913,2015-08-19,pos
3914,2015-08-20,pos
3915,2015-08-21,pos
3916,2015-08-22,pos
3917,2015-08-23,pos
3918,2015-08-24,pos
3919,2015-08-25,pos
3920,2015-08-26,pos
3921,2015-08-27,pos
3922,2015-08-28,pos
3923,2015-08-29,pos
3924,2015-08-30,pos
3925,2015-08-31,pos
3926,2015-09-01,neg
3927,2015-09-02,neg
3928,2015-09-03,neg
3929,2015-09-04,neg
3930,2015-09-05,neg
3931,2015-09-06,neg
3932,2015-09-07,neg
3933,2015-09-08,0.0
3934,2015-09-09,neg
3935,2015-09-10,0.0
3936,2015-09-11,0.0
3937,2015-09-12,0.0
3938,2015-09-13,0.0
3939,2015-09-14,0.0
3940,2015-09-15,0.0
3941,2015-09-16,neg
3942,2015-09-17,neg
3943,2015-09-18,neg
3944,2015-09-19,neg
3945,2015-09-20,neg
3946,2015-09-21,neg
3947,2015-09-22,neg
3948,2015-09-23,neg
3949,2015-09-24,neg
3950,2015-09-25,neg
3951,2015-09-26,neg
3952,2015-09-27,neg
3953,2015-09-28,neg
3954,2015-09-29,neg
3955,2015-09-30,neg
3956,2015-10-01,neg
3957,2015-10-02,neg
3958,2015-10-03,neg
3959,2015-10-04,neg
3960,2015-10-05,pos
3961,2015-10-06,pos
3962,2015-10-07,pos
3963,2015-10-08,pos
3964,2015-10-09,neg
3965,2015-10-10,0.0
3966,2015-10-11,neg
3967,2015-10-12,neg
3968,2015-10-13,neg
3969,2015-10-14,neg
3970,2015-10-15,neg
3971,2015-10-16,0.0
3972,2015-10-17,pos
3973,2015-10-18,pos
3974,2015-10-19,pos
3975,2015-10-20,pos
3976,2015-10-21,pos
3977,2015-10-22,pos
3978,2015-10-23,pos
3979,2015-10-24,pos
3980,2015-10-25,0.0
3981,2015-10-26,pos
3982,2015-10-27,pos
3983,2015-10-28,pos
3984,2015-10-29,pos
3985,2015-10-30,pos
3986,2015-10-31,pos
3987,2015-11-01,pos
3988,2015-11-02,pos
3989,2015-11-03,pos
3990,2015-11-04,pos
3991,2015-11-05,pos
3992,2015-11-06,neg
3993,2015-11-07,0.0
3994,2015-11-08,pos
3995,2015-11-09,pos
3996,2015-11-10,pos
3997,2015-11-11,pos
3998,2015-11-12,pos
3999,2015-11-13,pos
4000,2015-11-14,pos
4001,2015-11-15,pos
4002,2015-11-16,0.0
4003,2015-11-17,0.0
4004,2015-11-18,0.0
4005,2015-11-19,0.0
4006,2015-11-20,0.0
4007,2015-11-21,0.0
4008,2015-11-22,0.0
4009,2015-11-23,0.0
4010,2015-11-24,0.0
4011,2015-11-25,pos
4012,2015-11-26,pos
4013,2015-11-27,pos
4014,2015-11-28,pos
4015,2015-11-29,pos
4016,2015-11-30,0.0
4017,2015-12-01,neg
4018,2015-12-02,neg
4019,2015-12-03,neg
4020,2015-12-04,neg
4021,2015-12-05,neg
4022,2015-12-06,neg
4023,2015-12-07,neg
4024,2015-12-08,neg
4025,2015-12-09,neg
4026,2015-12-10,neg
4027,2015-12-11,neg
4028,2015-12-12,neg
4029,2015-12-13,neg
4030,2015-12-14,neg
4031,2015-12-15,neg
4032,2015-12-16,neg
4033,2015-12-17,neg
4034,2015-12-18,neg
4035,2015-12-19,neg
4036,2015-12-20,neg
4037,2015-12-21,neg
4038,2015-12-22,neg
4039,2015-12-23,0.0
4040,2015-12-24,0.0
4041,2015-12-25,0.0
4042,2015-12-26,neg
4043,2015-12-27,0.0
4044,2015-12-28,0.0
4045,2015-12-29,0.0
4046,2015-12-30,0.0
4047,2015-12-31,pos
4048,2016-01-01,pos
4049,2016-01-02,pos
4050,2016-01-03,pos
4051,2016-01-04,pos
4052,2016-01-05,pos
4053,2016-01-06,pos
4054,2016-01-07,pos
4055,2016-01-08,pos
4056,2016-01-09,pos
4057,2016-01-10,pos
4058,2016-01-11,pos
4059,2016-01-12,pos
4060,2016-01-13,pos
4061,2016-01-14,pos
4062,2016-01-15,pos
4063,2016-01-16,pos
4064,2016-01-17,pos
4065,2016-01-18,pos
4066,2016-01-19,0.0
4067,2016-01-20,pos
4068,2016-01-21,pos
4069,2016-01-22,0.0
4070,2016-01-23,neg
4071,2016-01-24,neg
4072,2016-01-25,neg
4073,2016-01-26,neg
4074,2016-01-27,neg
4075,2016-01-28,neg
4076,2016-01-29,pos
4077,2016-01-30,pos
4078,2016-01-31,neg
4079,2016-02-01,neg
4080,2016-02-02,neg
4081,2016-02-03,neg
4082,2016-02-04,pos
4083,2016-02-05,neg
4084,2016-02-06,neg
4085,2016-02-07,neg
4086,2016-02-08,neg
4087,2016-02-09,neg
4088,2016-02-10,neg
4089,2016-02-11,0.0
4090,2016-02-12,neg
4091,2016-02-13,neg
4092,2016-02-14,neg
4093,2016-02-15,neg
4094,2016-02-16,neg
4095,2016-02-17,neg
4096,2016-02-18,neg
4097,2016-02-19,neg
4098,2016-02-20,neg
4099,2016-02-21,neg
4100,2016-02-22,0.0
4101,2016-02-23,pos
4102,2016-02-24,pos
4103,2016-02-25,pos
4104,2016-02-26,pos
4105,2016-02-27,pos
4106,2016-02-28,pos
4107,2016-02-29,pos
4108,2016-03-01,pos
4109,2016-03-02,0.0
4110,2016-03-03,0.0
4111,2016-03-04,0.0
4112,2016-03-05,0.0
4113,2016-03-06,neg
4114,2016-03-07,pos
4115,2016-03-08,pos
4116,2016-03-09,pos
4117,2016-03-10,pos
4118,2016-03-11,pos
4119,2016-03-12,pos
4120,2016-03-13,neg
4121,2016-03-14,0.0
4122,2016-03-15,0.0
4123,2016-03-16,0.0
4124,2016-03-17,0.0
4125,2016-03-18,pos
4126,2016-03-19,pos
4127,2016-03-20,pos
4128,2016-03-21,pos
4129,2016-03-22,pos
4130,2016-03-23,pos
4131,2016-03-24,pos
4132,2016-03-25,0.0
4133,2016-03-26,0.0
4134,2016-03-27,0.0
4135,2016-03-28,neg
4136,2016-03-29,neg
4137,2016-03-30,pos
4138,2016-03-31,pos
4139,2016-04-01,neg
4140,2016-04-02,0.0
4141,2016-04-03,pos
4142,2016-04-04,neg
4143,2016-04-05,0.0
4144,2016-04-06,neg
4145,2016-04-07,neg
4146,2016-04-08,neg
4147,2016-04-09,0.0
4148,2016-04-10,neg
4149,2016-04-11,0.0
4150,2016-04-12,0.0
4151,2016-04-13,0.0
4152,2016-04-14,pos
4153,2016-04-15,0.0
4154,2016-04-16,0.0
4155,2016-04-17,0.0
4156,2016-04-18,0.0
4157,2016-04-19,neg
4158,2016-04-20,0.0
4159,2016-04-21,neg
4160,2016-04-22,neg
4161,2016-04-23,neg
4162,2016-04-24,neg
4163,2016-04-25,0.0
4164,2016-04-26,0.0
4165,2016-04-27,neg
4166,2016-04-28,neg
4167,2016-04-29,pos
4168,2016-04-30,neg
4169,2016-05-01,neg
4170,2016-05-02,neg
4171,2016-05-03,neg
4172,2016-05-04,neg
4173,2016-05-05,pos
4174,2016-05-06,neg
4175,2016-05-07,0.0
4176,2016-05-08,0.0
4177,2016-05-09,0.0
4178,2016-05-10,pos
4179,2016-05-11,pos
4180,2016-05-12,pos
4181,2016-05-13,pos
4182,2016-05-14,pos
4183,2016-05-15,0.0
4184,2016-05-16,pos
4185,2016-05-17,pos
4186,2016-05-18,pos
4187,2016-05-19,0.0
4188,2016-05-20,pos
4189,2016-05-21,0.0
4190,2016-05-22,pos
4191,2016-05-23,pos
4192,2016-05-24,pos
4193,2016-05-25,pos
4194,2016-05-26,0.0
4195,2016-05-27,neg
4196,2016-05-28,0.0
4197,2016-05-29,0.0
4198,2016-05-30,neg
4199,2016-05-31,neg
4200,2016-06-01,neg
4201,2016-06-02,pos
4202,2016-06-03,neg
4203,2016-06-04,neg
4204,2016-06-05,neg
4205,2016-06-06,neg
4206,2016-06-07,pos
4207,2016-06-08,0.0
4208,2016-06-09,neg
4209,2016-06-10,neg
4210,2016-06-11,neg
4211,2016-06-12,neg
4212,2016-06-13,neg
4213,2016-06-14,neg
4214,2016-06-15,neg
4215,2016-06-16,neg
4216,2016-06-17,neg
4217,2016-06-18,neg
4218,2016-06-19,neg
4219,2016-06-20,neg
4220,2016-06-21,neg
4221,2016-06-22,neg
4222,2016-06-23,neg
4223,2016-06-24,neg
4224,2016-06-25,neg
4225,2016-06-26,neg
4226,2016-06-27,neg
4227,2016-06-28,neg
4228,2016-06-29,neg
4229,2016-06-30,neg
4230,2016-07-01,neg
4231,2016-07-02,neg
4232,2016-07-03,neg
4233,2016-07-04,neg
4234,2016-07-05,neg
4235,2016-07-06,neg
4236,2016-07-07,neg
4237,2016-07-08,neg
4238,2016-07-09,neg
4239,2016-07-10,neg
4240,2016-07-11,neg
4241,2016-07-12,neg
4242,2016-07-13,neg
4243,2016-07-14,neg
4244,2016-07-15,neg
4245,2016-07-16,neg
4246,2016-07-17,neg
4247,2016-07-18,neg
4248,2016-07-19,neg
4249,2016-07-20,neg
4250,2016-07-21,neg
4251,2016-07-22,neg
4252,2016-07-23,neg
4253,2016-07-24,neg
4254,2016-07-25,neg
4255,2016-07-26,neg
4256,2016-07-27,neg
4257,2016-07-28,neg
4258,2016-07-29,pos
4259,2016-07-30,pos
4260,2016-07-31,pos
4261,2016-08-01,pos
4262,2016-08-02,pos
4263,2016-08-03,pos
4264,2016-08-04,pos
4265,2016-08-05,0.0
4266,2016-08-06,0.0
4267,2016-08-07,0.0
4268,2016-08-08,0.0
4269,2016-08-09,0.0
4270,2016-08-10,0.0
4271,2016-08-11,0.0
4272,2016-08-12,0.0
4273,2016-08-13,0.0
4274,2016-08-14,0.0
4275,2016-08-15,0.0
4276,2016-08-16,0.0
4277,2016-08-17,0.0
4278,2016-08-18,0.0
4279,2016-08-19,0.0
4280,2016-08-20,0.0
4281,2016-08-21,0.0
4282,2016-08-22,0.0
4283,2016-08-23,0.0
4284,2016-08-24,pos
4285,2016-08-25,pos
4286,2016-08-26,pos
4287,2016-08-27,pos
4288,2016-08-28,pos
4289,2016-08-29,0.0
4290,2016-08-30,0.0
4291,2016-08-31,pos
4292,2016-09-01,pos
4293,2016-09-02,0.0
4294,2016-09-03,0.0
4295,2016-09-04,0.0
4296,2016-09-05,neg
4297,2016-09-06,pos
4298,2016-09-07,0.0
4299,2016-09-08,pos
4300,2016-09-09,pos
4301,2016-09-10,pos
4302,2016-09-11,pos
4303,2016-09-12,pos
4304,2016-09-13,pos
4305,2016-09-14,pos
4306,2016-09-15,pos
4307,2016-09-16,pos
4308,2016-09-17,pos
4309,2016-09-18,pos
4310,2016-09-19,pos
4311,2016-09-20,pos
4312,2016-09-21,pos
4313,2016-09-22,pos
4314,2016-09-23,pos
4315,2016-09-24,0.0
4316,2016-09-25,0.0
4317,2016-09-26,0.0
4318,2016-09-27,0.0
4319,2016-09-28,pos
4320,2016-09-29,pos
4321,2016-09-30,pos
4322,2016-10-01,pos
4323,2016-10-02,pos
4324,2016-10-03,pos
4325,2016-10-04,pos
4326,2016-10-05,pos
4327,2016-10-06,pos
4328,2016-10-07,neg
4329,2016-10-08,0.0
4330,2016-10-09,neg
4331,2016-10-10,neg
4332,2016-10-11,neg
4333,2016-10-12,neg
4334,2016-10-13,neg
4335,2016-10-14,0.0
4336,2016-10-15,0.0
4337,2016-10-16,0.0
4338,2016-10-17,0.0
4339,2016-10-18,neg
4340,2016-10-19,neg
4341,2016-10-20,neg
4342,2016-10-21,0.0
4343,2016-10-22,0.0
4344,2016-10-23,0.0
4345,2016-10-24,0.0
4346,2016-10-25,neg
4347,2016-10-26,neg
4348,2016-10-27,neg
4349,2016-10-28,neg
4350,2016-10-29,neg
4351,2016-10-30,neg
4352,2016-10-31,neg
4353,2016-11-01,neg
4354,2016-11-02,neg
4355,2016-11-03,neg
4356,2016-11-04,neg
4357,2016-11-05,0.0
4358,2016-11-06,0.0
4359,2016-11-07,pos
4360,2016-11-08,pos
4361,2016-11-09,pos
4362,2016-11-10,0.0
4363,2016-11-11,neg
4364,2016-11-12,neg
4365,2016-11-13,0.0
4366,2016-11-14,0.0
4367,2016-11-15,0.0
4368,2016-11-16,0.0
4369,2016-11-17,0.0
4370,2016-11-18,0.0
4371,2016-11-19,0.0
4372,2016-11-20,0.0
4373,2016-11-21,neg
4374,2016-11-22,neg
4375,2016-11-23,neg
4376,2016-11-24,neg
4377,2016-11-25,neg
4378,2016-11-26,neg
4379,2016-11-27,neg
4380,2016-11-28,pos
4381,2016-11-29,pos
4382,2016-11-30,pos
4383,2016-12-01,neg
4384,2016-12-02,neg
4385,2016-12-03,neg
4386,2016-12-04,neg
4387,2016-12-05,neg
4388,2016-12-06,neg
4389,2016-12-07,neg
4390,2016-12-08,neg
4391,2016-12-09,neg
4392,2016-12-10,neg
4393,2016-12-11,0.0
4394,2016-12-12,0.0
4395,2016-12-13,neg
4396,2016-12-14,neg
4397,2016-12-15,neg
4398,2016-12-16,neg
4399,2016-12-17,neg
4400,2016-12-18,neg
4401,2016-12-19,0.0
4402,2016-12-20,neg
4403,2016-12-21,neg
4404,2016-12-22,pos
4405,2016-12-23,pos
4406,2016-12-24,pos
4407,2016-12-25,pos
4408,2016-12-26,pos
4409,2016-12-27,pos
4410,2016-12-28,pos
4411,2016-12-29,pos
4412,2016-12-30,pos
4413,2016-12-31,pos
4414,2017-01-01,pos
4415,2017-01-02,pos
4416,2017-01-03,pos
4417,2017-01-04,pos
4418,2017-01-05,pos
4419,2017-01-06,pos
4420,2017-01-07,pos
4421,2017-01-08,pos
4422,2017-01-09,pos
4423,2017-01-10,pos
4424,2017-01-11,pos
4425,2017-01-12,0.0
4426,2017-01-13,pos
4427,2017-01-14,pos
4428,2017-01-15,pos
4429,2017-01-16,pos
4430,2017-01-17,pos
4431,2017-01-18,pos
4432,2017-01-19,pos
4433,2017-01-20,pos
4434,2017-01-21,pos
4435,2017-01-22,pos
4436,2017-01-23,0.0
4437,2017-01-24,pos
4438,2017-01-25,pos
4439,2017-01-26,pos
4440,2017-01-27,pos
4441,2017-01-28,pos
4442,2017-01-29,pos
4443,2017-01-30,neg
4444,2017-01-31,neg
4445,2017-02-01,neg
4446,2017-02-02,neg
4447,2017-02-03,neg
4448,2017-02-04,neg
4449,2017-02-05,neg
4450,2017-02-06,neg
4451,2017-02-07,neg
4452,2017-02-08,neg
4453,2017-02-09,neg
4454,2017-02-10,neg
4455,2017-02-11,neg
4456,2017-02-12,0.0
4457,2017-02-13,neg
4458,2017-02-14,neg
4459,2017-02-15,neg
4460,2017-02-16,neg
4461,2017-02-17,0.0
4462,2017-02-18,0.0
4463,2017-02-19,neg
4464,2017-02-20,neg
4465,2017-02-21,neg
4466,2017-02-22,0.0
4467,2017-02-23,0.0
4468,2017-02-24,neg
4469,2017-02-25,neg
4470,2017-02-26,neg
4471,2017-02-27,neg
4472,2017-02-28,0.0
4473,2017-03-01,0.0
4474,2017-03-02,neg
4475,2017-03-03,neg
4476,2017-03-04,0.0
4477,2017-03-05,0.0
4478,2017-03-06,neg
4479,2017-03-07,neg
4480,2017-03-08,0.0
4481,2017-03-09,pos
4482,2017-03-10,pos
4483,2017-03-11,pos
4484,2017-03-12,pos
4485,2017-03-13,0.0
4486,2017-03-14,0.0
4487,2017-03-15,0.0
4488,2017-03-16,neg
4489,2017-03-17,neg
4490,2017-03-18,neg
4491,2017-03-19,neg
4492,2017-03-20,neg
4493,2017-03-21,neg
4494,2017-03-22,neg
4495,2017-03-23,0.0
4496,2017-03-24,neg
4497,2017-03-25,neg
4498,2017-03-26,neg
4499,2017-03-27,neg
4500,2017-03-28,neg
4501,2017-03-29,0.0
4502,2017-03-30,pos
4503,2017-03-31,pos
4504,2017-04-01,pos
4505,2017-04-02,pos
4506,2017-04-03,pos
4507,2017-04-04,0.0
4508,2017-04-05,0.0
4509,2017-04-06,pos
4510,2017-04-07,pos
4511,2017-04-08,0.0
4512,2017-04-09,neg
4513,2017-04-10,neg
4514,2017-04-11,neg
4515,2017-04-12,neg
4516,2017-04-13,0.0
4517,2017-04-14,0.0
4518,2017-04-15,0.0
4519,2017-04-16,pos
4520,2017-04-17,pos
4521,2017-04-18,pos
4522,2017-04-19,pos
4523,2017-04-20,pos
4524,2017-04-21,pos
4525,2017-04-22,pos
4526,2017-04-23,pos
4527,2017-04-24,pos
4528,2017-04-25,pos
4529,2017-04-26,0.0
4530,2017-04-27,neg
4531,2017-04-28,neg
4532,2017-04-29,neg
4533,2017-04-30,neg
4534,2017-05-01,neg
4535,2017-05-02,neg
4536,2017-05-03,neg
4537,2017-05-04,neg
4538,2017-05-05,neg
4539,2017-05-06,neg
4540,2017-05-07,neg
4541,2017-05-08,0.0
4542,2017-05-09,0.0
4543,2017-05-10,0.0
4544,2017-05-11,0.0
4545,2017-05-12,0.0
4546,2017-05-13,0.0
4547,2017-05-14,0.0
4548,2017-05-15,0.0
4549,2017-05-16,0.0
4550,2017-05-17,0.0
4551,2017-05-18,0.0
4552,2017-05-19,0.0
4553,2017-05-20,0.0
4554,2017-05-21,neg
4555,2017-05-22,neg
4556,2017-05-23,neg
4557,2017-05-24,neg
4558,2017-05-25,neg
4559,2017-05-26,0.0
4560,2017-05-27,pos
4561,2017-05-28,pos
4562,2017-05-29,pos
4563,2017-05-30,pos
4564,2017-05-31,pos
4565,2017-06-01,pos
4566,2017-06-02,0.0
4567,2017-06-03,0.0
4568,2017-06-04,0.0
4569,2017-06-05,pos
4570,2017-06-06,pos
4571,2017-06-07,pos
4572,2017-06-08,pos
4573,2017-06-09,0.0
4574,2017-06-10,0.0
4575,2017-06-11,0.0
4576,2017-06-12,0.0
4577,2017-06-13,0.0
4578,2017-06-14,0.0
4579,2017-06-15,0.0
4580,2017-06-16,0.0
4581,2017-06-17,0.0
4582,2017-06-18,0.0
4583,2017-06-19,0.0
4584,2017-06-20,0.0
4585,2017-06-21,0.0
4586,2017-06-22,0.0
4587,2017-06-23,pos
4588,2017-06-24,pos
4589,2017-06-25,pos
4590,2017-06-26,pos
4591,2017-06-27,pos
4592,2017-06-28,pos
4593,2017-06-29,pos
4594,2017-06-30,pos
4595,2017-07-01,pos
4596,2017-07-02,pos
4597,2017-07-03,pos
4598,2017-07-04,pos
4599,2017-07-05,0.0
4600,2017-07-06,neg
4601,2017-07-07,0.0
4602,2017-07-08,pos
4603,2017-07-09,0.0
4604,2017-07-10,pos
4605,2017-07-11,pos
4606,2017-07-12,pos
4607,2017-07-13,pos
4608,2017-07-14,pos
4609,2017-07-15,pos
4610,2017-07-16,pos
4611,2017-07-17,0.0
4612,2017-07-18,0.0
4613,2017-07-19,0.0
4614,2017-07-20,0.0
4615,2017-07-21,pos
4616,2017-07-22,pos
4617,2017-07-23,pos
4618,2017-07-24,0.0
4619,2017-07-25,0.0
4620,2017-07-26,0.0
4621,2017-07-27,neg
4622,2017-07-28,neg
4623,2017-07-29,neg
4624,2017-07-30,neg
4625,2017-07-31,neg
4626,2017-08-01,neg
4627,2017-08-02,neg
4628,2017-08-03,neg
4629,2017-08-04,neg
4630,2017-08-05,0.0
4631,2017-08-06,neg
4632,2017-08-07,neg
4633,2017-08-08,neg
4634,2017-08-09,neg
4635,2017-08-10,neg
4636,2017-08-11,neg
4637,2017-08-12,neg
4638,2017-08-13,neg
4639,2017-08-14,neg
4640,2017-08-15,neg
4641,2017-08-16,neg
4642,2017-08-17,neg
4643,2017-08-18,0.0
4644,2017-08-19,0.0
4645,2017-08-20,0.0
4646,2017-08-21,neg
4647,2017-08-22,neg
4648,2017-08-23,neg
4649,2017-08-24,0.0
4650,2017-08-25,0.0
4651,2017-08-26,0.0
4652,2017-08-27,0.0
4653,2017-08-28,pos
4654,2017-08-29,pos
4655,2017-08-30,pos
4656,2017-08-31,pos
4657,2017-09-01,pos
4658,2017-09-02,pos
4659,2017-09-03,pos
4660,2017-09-04,pos
4661,2017-09-05,pos
4662,2017-09-06,pos
4663,2017-09-07,pos
4664,2017-09-08,pos
4665,2017-09-09,pos
4666,2017-09-10,pos
4667,2017-09-11,pos
4668,2017-09-12,pos
4669,2017-09-13,pos
4670,2017-09-14,pos
4671,2017-09-15,pos
4672,2017-09-16,pos
4673,2017-09-17,pos
4674,2017-09-18,pos
4675,2017-09-19,pos
4676,2017-09-20,pos
4677,2017-09-21,pos
4678,2017-09-22,pos
4679,2017-09-23,pos
4680,2017-09-24,pos
4681,2017-09-25,pos
4682,2017-09-26,pos
4683,2017-09-27,pos
4684,2017-09-28,pos
4685,2017-09-29,pos
4686,2017-09-30,pos
4687,2017-10-01,0.0
4688,2017-10-02,pos
4689,2017-10-03,pos
4690,2017-10-04,pos
4691,2017-10-05,pos
4692,2017-10-06,pos
4693,2017-10-07,pos
4694,2017-10-08,pos
4695,2017-10-09,pos
4696,2017-10-10,pos
4697,2017-10-11,neg
4698,2017-10-12,0.0
4699,2017-10-13,neg
4700,2017-10-14,neg
4701,2017-10-15,neg
4702,2017-10-16,0.0
4703,2017-10-17,neg
4704,2017-10-18,neg
4705,2017-10-19,neg
4706,2017-10-20,0.0
4707,2017-10-21,neg
4708,2017-10-22,neg
4709,2017-10-23,neg
4710,2017-10-24,neg
4711,2017-10-25,neg
4712,2017-10-26,neg
4713,2017-10-27,neg
4714,2017-10-28,neg
4715,2017-10-29,neg
4716,2017-10-30,neg
4717,2017-10-31,neg
4718,2017-11-01,neg
4719,2017-11-02,neg
4720,2017-11-03,neg
4721,2017-11-04,neg
4722,2017-11-05,neg
4723,2017-11-06,neg
4724,2017-11-07,neg
4725,2017-11-08,neg
4726,2017-11-09,neg
4727,2017-11-10,neg
4728,2017-11-11,0.0
4729,2017-11-12,neg
4730,2017-11-13,0.0
4731,2017-11-14,neg
4732,2017-11-15,neg
4733,2017-11-16,neg
4734,2017-11-17,0.0
4735,2017-11-18,0.0
4736,2017-11-19,0.0
4737,2017-11-20,pos
4738,2017-11-21,pos
4739,2017-11-22,0.0
4740,2017-11-23,pos
4741,2017-11-24,pos
4742,2017-11-25,pos
4743,2017-11-26,0.0
4744,2017-11-27,pos
4745,2017-11-28,pos
4746,2017-11-29,pos
4747,2017-11-30,pos
4748,2017-12-01,pos
4749,2017-12-02,pos
4750,2017-12-03,pos
4751,2017-12-04,pos
4752,2017-12-05,pos
4753,2017-12-06,pos
4754,2017-12-07,pos
4755,2017-12-08,pos
4756,2017-12-09,pos
4757,2017-12-10,pos
4758,2017-12-11,pos
4759,2017-12-12,pos
4760,2017-12-13,pos
4761,2017-12-14,pos
4762,2017-12-15,pos
4763,2017-12-16,pos
4764,2017-12-17,pos
4765,2017-12-18,pos
4766,2017-12-19,pos
4767,2017-12-20,pos
4768,2017-12-21,pos
4769,2017-12-22,pos
4770,2017-12-23,pos
4771,2017-12-24,pos
4772,2017-12-25,pos
4773,2017-12-26,pos
4774,2017-12-27,pos
4775,2017-12-28,pos
4776,2017-12-29,pos
4777,2017-12-30,pos
4778,2017-12-31,pos
